-- phpMyAdmin SQL Dump
-- version 4.5.4.1deb2ubuntu2
-- http://www.phpmyadmin.net
--
-- Host: localhost
-- Generation Time: Aug 09, 2017 at 04:43 PM
-- Server version: 5.7.19-0ubuntu0.16.04.1
-- PHP Version: 7.0.19-1+deb.sury.org~xenial+2

SET SQL_MODE = "NO_AUTO_VALUE_ON_ZERO";
SET time_zone = "+00:00";


/*!40101 SET @OLD_CHARACTER_SET_CLIENT=@@CHARACTER_SET_CLIENT */;
/*!40101 SET @OLD_CHARACTER_SET_RESULTS=@@CHARACTER_SET_RESULTS */;
/*!40101 SET @OLD_COLLATION_CONNECTION=@@COLLATION_CONNECTION */;
/*!40101 SET NAMES utf8mb4 */;

--
-- Database: `apiz`
--

-- --------------------------------------------------------

--
-- Table structure for table `affiliateuser`
--

CREATE TABLE `affiliateuser` (
  `Id` int(11) NOT NULL,
  `username` varchar(15) NOT NULL,
  `password` text NOT NULL,
  `fname` text NOT NULL,
  `address` text NOT NULL,
  `email` text NOT NULL,
  `referedby` varchar(15) NOT NULL DEFAULT 'none',
  `ipaddress` int(10) UNSIGNED NOT NULL,
  `mobile` bigint(10) NOT NULL,
  `active` int(11) NOT NULL,
  `doj` date NOT NULL,
  `country` text NOT NULL,
  `tamount` double NOT NULL DEFAULT '0',
  `payment` varchar(10) NOT NULL,
  `signupcode` text NOT NULL,
  `level` int(1) NOT NULL DEFAULT '2',
  `pcktaken` int(10) NOT NULL DEFAULT '0',
  `launch` int(1) NOT NULL DEFAULT '0',
  `expiry` date NOT NULL DEFAULT '2199-12-31',
  `bankname` varchar(250) NOT NULL DEFAULT 'Not Available',
  `accountname` varchar(250) NOT NULL DEFAULT 'Not Available',
  `accountno` double NOT NULL DEFAULT '0',
  `accounttype` int(11) NOT NULL DEFAULT '0',
  `ifsccode` varchar(100) NOT NULL DEFAULT 'Not Available',
  `getpayment` int(11) NOT NULL DEFAULT '1',
  `renew` int(1) NOT NULL DEFAULT '0',
  `payoff` int(10) NOT NULL
) ENGINE=MyISAM DEFAULT CHARSET=latin1;

--
-- Dumping data for table `affiliateuser`
--

INSERT INTO `affiliateuser` (`Id`, `username`, `password`, `fname`, `address`, `email`, `referedby`, `ipaddress`, `mobile`, `active`, `doj`, `country`, `tamount`, `payment`, `signupcode`, `level`, `pcktaken`, `launch`, `expiry`, `bankname`, `accountname`, `accountno`, `accounttype`, `ifsccode`, `getpayment`, `renew`, `payoff`) VALUES
(40, 'adminadmin', '123123123', 'Full Admin Name', 'Address OF Company Or Individual', 'EmailofAdmin@Domain.com', 'none', 0, 0, 1, '0000-00-00', 'Country', 1560, '', '0', 1, 1, 0, '0000-00-00', 'Not Available', 'Not Available', 0, 0, 'Not Available', 1, 0, 50),
(103, 'kamal123', '01082003', 'kamal', 'kl', 'kamal@yopmail.com', 'yaya123', 175140, 129983888, 1, '2017-01-21', 'Malaysia', 0, '', '1527231960', 2, 19, 1, '2290-11-05', 'Not Available', 'Not Available', 0, 0, 'Not Available', 1, 0, 50),
(102, 'yaya123', '01082003', 'yaya', 'kl', 'yaya@yopmail.com', 'adminadmin', 175140, 129993888, 0, '2017-01-21', 'Malaysia', 0, '', '9675190022', 2, 19, 1, '2290-11-05', 'Not Available', 'Not Available', 0, 0, 'Not Available', 1, 0, 50),
(104, 'ali123', '01082003abc', 'ali', 'kl', 'ali@yopmail.com', 'kamal123', 175140, 1299993999, 1, '2017-01-21', 'Malaysia', 0, '', '2586697551', 2, 19, 1, '2290-11-05', 'Not Available', 'Not Available', 0, 0, 'Not Available', 1, 0, 0);

-- --------------------------------------------------------

--
-- Table structure for table `migrations`
--

CREATE TABLE `migrations` (
  `id` int(10) UNSIGNED NOT NULL,
  `migration` varchar(255) COLLATE utf8_unicode_ci NOT NULL,
  `batch` int(11) NOT NULL
) ENGINE=InnoDB DEFAULT CHARSET=utf8 COLLATE=utf8_unicode_ci;

--
-- Dumping data for table `migrations`
--

INSERT INTO `migrations` (`id`, `migration`, `batch`) VALUES
(1, '2014_10_12_000000_create_users_table', 1),
(2, '2014_10_12_100000_create_password_resets_table', 1),
(3, '2016_06_01_000001_create_oauth_auth_codes_table', 2),
(4, '2016_06_01_000002_create_oauth_access_tokens_table', 2),
(5, '2016_06_01_000003_create_oauth_refresh_tokens_table', 2),
(6, '2016_06_01_000004_create_oauth_clients_table', 2),
(7, '2016_06_01_000005_create_oauth_personal_access_clients_table', 2);

-- --------------------------------------------------------

--
-- Table structure for table `oauth_access_tokens`
--

CREATE TABLE `oauth_access_tokens` (
  `id` varchar(100) COLLATE utf8mb4_unicode_ci NOT NULL,
  `user_id` int(11) DEFAULT NULL,
  `client_id` int(11) NOT NULL,
  `name` varchar(255) COLLATE utf8mb4_unicode_ci DEFAULT NULL,
  `scopes` text COLLATE utf8mb4_unicode_ci,
  `revoked` tinyint(1) NOT NULL,
  `created_at` timestamp NULL DEFAULT NULL,
  `updated_at` timestamp NULL DEFAULT NULL,
  `expires_at` datetime DEFAULT NULL
) ENGINE=InnoDB DEFAULT CHARSET=utf8mb4 COLLATE=utf8mb4_unicode_ci;

--
-- Dumping data for table `oauth_access_tokens`
--

INSERT INTO `oauth_access_tokens` (`id`, `user_id`, `client_id`, `name`, `scopes`, `revoked`, `created_at`, `updated_at`, `expires_at`) VALUES
('008217818e97e43c4d7fece250347593ad738e7e4aa5909b2e67a281baafac73989b0c504783950c', NULL, 3, NULL, '[]', 0, '2017-08-08 16:10:08', '2017-08-08 16:10:08', '2017-08-23 16:10:08'),
('01737fc7deb259c1b9a1b4b39abcfb77828f61bbe84bace240afc0663e338bcfcb1d01ed7edbdb69', NULL, 3, NULL, '[]', 0, '2017-08-09 14:24:29', '2017-08-09 14:24:29', '2017-08-24 14:24:29'),
('0c5e13808bd66561ad32e3fa8c08361cf8514fd2e8f8652bdaa4b8304853a41845da137989e51b48', NULL, 3, NULL, '[]', 0, '2017-03-14 06:33:00', '2017-03-14 06:33:00', '2017-03-29 13:03:00'),
('13c78d973ff60dca7974b1a12076a69ec5aea3cf7d117e6446819d9e6ad6f7423d4dfbf8a134895e', NULL, 3, NULL, '[]', 0, '2017-03-14 06:34:25', '2017-03-14 06:34:25', '2017-03-29 13:04:25'),
('17eee85edbafb4e47c2cc8ef4842b97e9f02bc180e04b34164df4d6aaa27aa42bbdae639588f1fbe', NULL, 3, NULL, '[]', 0, '2017-03-20 20:25:37', '2017-03-20 20:25:37', '2017-04-04 20:25:37'),
('194feb7f11d191470833a0daacf5eaa1ab6103f3646b590c64b18f1fc83d9a9a60a7433b7495f70e', NULL, 3, NULL, '[]', 0, '2017-03-09 22:17:43', '2017-03-09 22:17:43', '2017-03-25 04:47:43'),
('1e33ec4a985c039fc233253dff913de8fc9006b89cae9db774eca51b56484ce2ce2912e94f7cd09e', NULL, 3, NULL, '[]', 0, '2017-08-09 10:03:05', '2017-08-09 10:03:05', '2017-08-24 10:03:05'),
('21bdfc215887bcbcbbbb34f83d2d65900b08bf6eeb09ad053442693101f63fe9e97873414a18aba2', NULL, 3, NULL, '[]', 0, '2017-03-09 23:09:15', '2017-03-09 23:09:15', '2017-03-25 05:39:15'),
('329fee2f961395605f8002502ca39c7f3a2d6098da7208fb0ad7003de7e33ae1d76fb6935eb55807', NULL, 3, NULL, '[]', 0, '2017-03-09 22:16:55', '2017-03-09 22:16:55', '2017-03-25 04:46:55'),
('3d50dbb98431b74184a1a042539dff4fd50aaec2a2816e5bff0556fae07809ff3acf90604fb9c6f9', NULL, 3, NULL, '[]', 0, '2017-08-09 15:57:04', '2017-08-09 15:57:04', '2017-08-24 15:57:04'),
('3fc9768d3e958d39901923961d6009948ebfa2ab7c5dc56658fb4857aaa2978a8ce8747cca029456', NULL, 3, NULL, '[]', 0, '2017-03-14 06:55:40', '2017-03-14 06:55:40', '2017-03-29 13:25:40'),
('4216d20aa47f315d2b794504e101b6190b29bed8be6bd6b05b75ab3bfbe30209e3501e9200d511a5', NULL, 3, NULL, '[]', 0, '2017-03-14 06:34:00', '2017-03-14 06:34:00', '2017-03-29 13:04:00'),
('4cefcd1646b1405b01d425ef2544c096eea238037488fe65400cf82c0cf6a7f4e5e96feef9739b28', NULL, 3, NULL, '[]', 0, '2017-03-09 22:17:31', '2017-03-09 22:17:31', '2017-03-25 04:47:31'),
('4ef040ebf40ed6fcf685b3a68252aa6853650fc7e3018d2e444f6021c279a09b320ae448068018f0', NULL, 3, NULL, '[]', 0, '2017-03-09 23:17:23', '2017-03-09 23:17:23', '2017-03-25 05:47:23'),
('4f361441f98eaccebfc089209287fc944b95a64d82cbcd78a527e63aa85a588b020725f626fb4d81', NULL, 3, NULL, '[]', 0, '2017-03-26 14:27:21', '2017-03-26 14:27:21', '2017-04-10 14:27:21'),
('58bd5e2276089a29786f4ca8020d1c0a18afa47bf1e6976368362a3357347065810a35e186fac383', NULL, 3, NULL, '[]', 0, '2017-03-14 06:34:35', '2017-03-14 06:34:35', '2017-03-29 13:04:35'),
('5d30c6d1636d83dc5ab98e8be772e0d2398d761ff387cdce8ace63432689ba7f9b321c27de8840ea', NULL, 3, NULL, '[]', 0, '2017-08-08 17:30:42', '2017-08-08 17:30:42', '2017-08-23 17:30:42'),
('6161ed288f15565b18cb700eb89057cb477efe976d65d910ad0d0f3e34e08b0c2973f53d1a570500', NULL, 3, NULL, '[]', 0, '2017-08-08 17:33:27', '2017-08-08 17:33:27', '2017-08-23 17:33:27'),
('6dc0bacc1622fc953d0248c5500aab5e6fa0a7c1e1b9ba4c420eefae4cad1188a716d85b3609cff2', NULL, 3, NULL, '[]', 0, '2017-03-14 06:33:13', '2017-03-14 06:33:13', '2017-03-29 13:03:13'),
('7ccca78b77e03d0f3e068ce2214650d5df8a8225556d13b59989d60be041df650a2ce50c0f9c7222', NULL, 3, NULL, '[]', 0, '2017-03-14 06:37:01', '2017-03-14 06:37:01', '2017-03-29 13:07:01'),
('7e43b3350fc436f50657b3690a27a68960e4c55a7e0e4a6b82c053c477506abe69953c81e8921a50', NULL, 3, NULL, '[]', 0, '2017-03-14 06:43:14', '2017-03-14 06:43:14', '2017-03-29 13:13:14'),
('a11a5ad1cfd353f5f71a20c3c9aa4fcb3a33b46131fea68e3ff96b5d260f4ab4714208c192a70216', NULL, 3, NULL, '[]', 0, '2017-03-09 22:15:02', '2017-03-09 22:15:02', '2017-03-25 04:45:02'),
('a120a336a1ece3438abff5794f00c1bb1648f5ff95842c3c9eca7275bd905dc7cbd1ce3d06fb225a', NULL, 3, NULL, '[]', 0, '2017-03-09 23:16:35', '2017-03-09 23:16:35', '2017-03-25 05:46:35'),
('bb6037d29ece67e2af948a90684555fdc41628edd76ba1bdd3ca41d725647b2d6b673c6970b34d6c', NULL, 3, NULL, '[]', 0, '2017-03-20 20:25:54', '2017-03-20 20:25:54', '2017-04-04 20:25:54'),
('c160616772c7f3e8cfee64af0753f91940ac535147497c4ad8829699d62b5e2931a2068846cdf4ac', NULL, 3, NULL, '[]', 0, '2017-03-09 22:17:13', '2017-03-09 22:17:13', '2017-03-25 04:47:13'),
('c4be06db755d59dc65a93f7bd61ebc174d593f8acc83f1c9b0a7b3a4688a34f83a2008795f3ebcf3', NULL, 3, NULL, '[]', 0, '2017-03-20 20:25:45', '2017-03-20 20:25:45', '2017-04-04 20:25:45'),
('cde396fbb2e9b490d6b4ac803b009a6c88dd85536c0ed13984b57f5628c817c7ec7a5bf409c0c20d', NULL, 3, NULL, '[]', 0, '2017-03-09 23:20:33', '2017-03-09 23:20:33', '2017-03-25 05:50:33'),
('d6b4cf70468d82072a4e4b5afe69a298fdab53c4edb636faf132b5d111ac956e71a6718ab1ec0ede', NULL, 3, NULL, '[]', 0, '2017-03-09 23:10:42', '2017-03-09 23:10:42', '2017-03-25 05:40:42'),
('d89ab6126ccdd870ba203cf8c2151e3c3ba4e8db0a4dc00f2e63fc9184bce6e84e4567a1a19146e6', NULL, 3, NULL, '[]', 0, '2017-03-14 05:57:43', '2017-03-14 05:57:43', '2017-03-29 12:27:42'),
('ddc14c2808ae97d449370f96c02ffe317be043cd9ac6520c36ea08c148841a8df79c2bb6174701d3', NULL, 3, NULL, '[]', 0, '2017-03-09 22:15:03', '2017-03-09 22:15:03', '2017-03-25 04:45:03'),
('de8f3a02b0bc2e3d81d74b21f06630297a1a42b3877428f5b970bf3ee6a21d7e212b3e373461ddde', NULL, 3, NULL, '[]', 0, '2017-08-09 10:03:25', '2017-08-09 10:03:25', '2017-08-24 10:03:25'),
('e14ae42a24058c38b266474b12c1dc21cc1035e39fcce1f10c0b1a792275fb9b6034252a0d8e309d', NULL, 3, NULL, '[]', 0, '2017-08-09 10:16:03', '2017-08-09 10:16:03', '2017-08-24 10:16:03'),
('e36972064128183ee35320b7aaaf10356111543956d81933d938bd3f9f4fb197bf4d73399673db83', NULL, 3, NULL, '[]', 0, '2017-03-14 06:35:00', '2017-03-14 06:35:00', '2017-03-29 13:05:00'),
('eb59fded9cc29af142337d131eaa2fab2386edbfc887a731127431f785ba9831b7a5eb0588a890ff', NULL, 3, NULL, '[]', 0, '2017-08-09 14:31:58', '2017-08-09 14:31:58', '2017-08-24 14:31:58'),
('ede0b1e8c5029f89e0fa83d12298c2a66863ee321a637b674a87be7bb4400f4f598fb9735bfb5bdc', NULL, 3, NULL, '[]', 0, '2017-08-09 15:07:16', '2017-08-09 15:07:16', '2017-08-24 15:07:16'),
('f26b595d6be505b21480b517668fc54c8ace08d0bc33e97f4e8e3d66fc87d30b1c6e0a21c5066a65', NULL, 3, NULL, '[]', 0, '2017-03-09 22:14:40', '2017-03-09 22:14:40', '2017-03-25 04:44:40');

-- --------------------------------------------------------

--
-- Table structure for table `oauth_auth_codes`
--

CREATE TABLE `oauth_auth_codes` (
  `id` varchar(100) COLLATE utf8mb4_unicode_ci NOT NULL,
  `user_id` int(11) NOT NULL,
  `client_id` int(11) NOT NULL,
  `scopes` text COLLATE utf8mb4_unicode_ci,
  `revoked` tinyint(1) NOT NULL,
  `expires_at` datetime DEFAULT NULL
) ENGINE=InnoDB DEFAULT CHARSET=utf8mb4 COLLATE=utf8mb4_unicode_ci;

-- --------------------------------------------------------

--
-- Table structure for table `oauth_clients`
--

CREATE TABLE `oauth_clients` (
  `id` int(10) UNSIGNED NOT NULL,
  `user_id` int(11) DEFAULT NULL,
  `name` varchar(255) COLLATE utf8mb4_unicode_ci NOT NULL,
  `secret` varchar(100) COLLATE utf8mb4_unicode_ci NOT NULL,
  `redirect` text COLLATE utf8mb4_unicode_ci NOT NULL,
  `personal_access_client` tinyint(1) NOT NULL,
  `password_client` tinyint(1) NOT NULL,
  `revoked` tinyint(1) NOT NULL,
  `created_at` timestamp NULL DEFAULT NULL,
  `updated_at` timestamp NULL DEFAULT NULL
) ENGINE=InnoDB DEFAULT CHARSET=utf8mb4 COLLATE=utf8mb4_unicode_ci;

--
-- Dumping data for table `oauth_clients`
--

INSERT INTO `oauth_clients` (`id`, `user_id`, `name`, `secret`, `redirect`, `personal_access_client`, `password_client`, `revoked`, `created_at`, `updated_at`) VALUES
(1, NULL, 'Laravel Personal Access Client', 'xchiIWg70EgAjEqwhDM0uyhNnMm8OFwehrkaHMEy', 'http://localhost', 1, 0, 0, '2017-03-07 11:31:23', '2017-03-07 11:31:23'),
(2, NULL, 'Laravel Password Grant Client', '7Scb7T6W17mQXtlKYJgJ07Ns0p0zq9OlD1YsDs2e', 'http://localhost', 0, 1, 0, '2017-03-07 11:31:23', '2017-03-07 11:31:23'),
(3, 1, 'Graph Token', 'wKKJzMZ6rRCJjJREWeqpB4yeQn1bKr5meD4PlhKq', 'http://localhost/auth/callback', 0, 0, 0, '2017-03-09 22:07:43', '2017-03-09 22:07:43'),
(8, NULL, 'API Toolz Personal Access Client', 'J5KLnRwOHQvG6ZbQm9vOJ34fejOWlzn095qXJX1F', 'http://localhost', 1, 0, 0, '2017-03-20 20:25:14', '2017-03-20 20:25:14'),
(9, NULL, 'API Toolz Password Grant Client', 'LYa1HNOZckM0uO3HP22cbAdesaZGmtt9kcPy8kpu', 'http://localhost', 0, 1, 0, '2017-03-20 20:25:14', '2017-03-20 20:25:14'),
(10, 1, 'it day', 'h+4iInbq+5EjpXr6uFLDzbevpO2nB0fp1uaMrrxzlw4=', '', 0, 0, 0, '2017-08-09 14:26:33', '2017-08-09 14:26:33');

-- --------------------------------------------------------

--
-- Table structure for table `oauth_personal_access_clients`
--

CREATE TABLE `oauth_personal_access_clients` (
  `id` int(10) UNSIGNED NOT NULL,
  `client_id` int(11) NOT NULL,
  `created_at` timestamp NULL DEFAULT NULL,
  `updated_at` timestamp NULL DEFAULT NULL
) ENGINE=InnoDB DEFAULT CHARSET=utf8mb4 COLLATE=utf8mb4_unicode_ci;

--
-- Dumping data for table `oauth_personal_access_clients`
--

INSERT INTO `oauth_personal_access_clients` (`id`, `client_id`, `created_at`, `updated_at`) VALUES
(1, 1, '2017-03-07 11:31:23', '2017-03-07 11:31:23'),
(2, 8, '2017-03-20 20:25:14', '2017-03-20 20:25:14');

-- --------------------------------------------------------

--
-- Table structure for table `oauth_refresh_tokens`
--

CREATE TABLE `oauth_refresh_tokens` (
  `id` varchar(100) COLLATE utf8mb4_unicode_ci NOT NULL,
  `access_token_id` varchar(100) COLLATE utf8mb4_unicode_ci NOT NULL,
  `revoked` tinyint(1) NOT NULL,
  `expires_at` datetime DEFAULT NULL
) ENGINE=InnoDB DEFAULT CHARSET=utf8mb4 COLLATE=utf8mb4_unicode_ci;

-- --------------------------------------------------------

--
-- Table structure for table `tb_groups`
--

CREATE TABLE `tb_groups` (
  `group_id` mediumint(8) UNSIGNED NOT NULL,
  `name` varchar(20) DEFAULT NULL,
  `description` varchar(100) DEFAULT NULL,
  `level` int(6) DEFAULT NULL
) ENGINE=InnoDB DEFAULT CHARSET=utf8;

--
-- Dumping data for table `tb_groups`
--

INSERT INTO `tb_groups` (`group_id`, `name`, `description`, `level`) VALUES
(1, 'Superadmin', 'Root Superadmin , should be as top level groups', 1),
(2, 'Administrator', 'Administrator level, level No 23', 2),
(3, 'Users', '<p>Users as registered / member</p>', 3);

-- --------------------------------------------------------

--
-- Table structure for table `tb_groups_access`
--

CREATE TABLE `tb_groups_access` (
  `id` int(6) NOT NULL,
  `group_id` int(11) DEFAULT NULL,
  `module_id` varchar(255) DEFAULT NULL,
  `access_data` text
) ENGINE=InnoDB DEFAULT CHARSET=utf8;

--
-- Dumping data for table `tb_groups_access`
--

INSERT INTO `tb_groups_access` (`id`, `group_id`, `module_id`, `access_data`) VALUES
(424, 1, 'users', '{"is_global":"1","is_view":"1","is_detail":"1","is_add":"1","is_edit":"1","is_remove":"1","is_excel":"1"}'),
(425, 2, 'users', '{"is_global":"1","is_view":"1","is_detail":"1","is_add":"1","is_edit":"1","is_remove":"1","is_excel":"1"}'),
(426, 3, 'users', '{"is_global":"0","is_view":"0","is_detail":"0","is_add":"0","is_edit":"0","is_remove":"0","is_excel":"0"}'),
(430, 1, 'groups', '{"is_global":"1","is_view":"1","is_detail":"1","is_add":"1","is_edit":"1","is_remove":"1","is_excel":"1"}'),
(431, 2, 'groups', '{"is_global":"1","is_view":"1","is_detail":"1","is_add":"1","is_edit":"1","is_remove":"1","is_excel":"1"}'),
(432, 3, 'groups', '{"is_global":"0","is_view":"0","is_detail":"0","is_add":"0","is_edit":"0","is_remove":"0","is_excel":"0"}'),
(439, 1, 'logs', '{"is_global":"1","is_view":"1","is_detail":"1","is_add":"0","is_edit":"0","is_remove":"1","is_excel":"1"}'),
(440, 2, 'logs', '{"is_global":"1","is_view":"1","is_detail":"1","is_add":"0","is_edit":"0","is_remove":"1","is_excel":"1"}'),
(441, 3, 'logs', '{"is_global":"0","is_view":"0","is_detail":"0","is_add":"0","is_edit":"0","is_remove":"0","is_excel":"0"}'),
(577, 1, 'customer', '{"is_global":"0","is_view":"0","is_detail":"0","is_add":"0","is_edit":"0","is_remove":"0","is_excel":"0"}'),
(578, 2, 'customer', '{"is_global":"0","is_view":"0","is_detail":"0","is_add":"0","is_edit":"0","is_remove":"0","is_excel":"0"}'),
(579, 3, 'customer', '{"is_global":"0","is_view":"0","is_detail":"0","is_add":"0","is_edit":"0","is_remove":"0","is_excel":"0"}'),
(580, 1, 'test', '{"is_global":"1","is_view":"1","is_detail":"1","is_add":"1","is_edit":"1","is_remove":"1","is_excel":"1"}'),
(581, 2, 'test', '{"is_global":"0","is_view":"0","is_detail":"0","is_add":"0","is_edit":"0","is_remove":"0","is_excel":"0"}'),
(582, 3, 'test', '{"is_global":"0","is_view":"0","is_detail":"0","is_add":"0","is_edit":"0","is_remove":"0","is_excel":"0"}');

-- --------------------------------------------------------

--
-- Table structure for table `tb_logs`
--

CREATE TABLE `tb_logs` (
  `auditID` int(20) NOT NULL,
  `ipaddress` varchar(50) DEFAULT NULL,
  `user_id` int(11) DEFAULT NULL,
  `module` varchar(50) DEFAULT NULL,
  `task` varchar(50) DEFAULT NULL,
  `note` text,
  `logdate` timestamp NOT NULL DEFAULT CURRENT_TIMESTAMP
) ENGINE=InnoDB DEFAULT CHARSET=latin1;

-- --------------------------------------------------------

--
-- Table structure for table `tb_menu`
--

CREATE TABLE `tb_menu` (
  `menu_id` int(11) NOT NULL,
  `parent_id` int(11) DEFAULT '0',
  `module` varchar(50) DEFAULT NULL,
  `url` varchar(100) DEFAULT NULL,
  `menu_name` varchar(100) DEFAULT NULL,
  `menu_type` char(10) DEFAULT NULL,
  `role_id` varchar(100) DEFAULT NULL,
  `deep` smallint(2) DEFAULT NULL,
  `ordering` int(6) DEFAULT NULL,
  `position` enum('top','sidebar','both') DEFAULT NULL,
  `menu_icons` varchar(30) DEFAULT NULL,
  `active` enum('0','1') DEFAULT '1',
  `access_data` text,
  `allow_guest` enum('0','1') DEFAULT '0',
  `menu_lang` text
) ENGINE=InnoDB DEFAULT CHARSET=utf8;

--
-- Dumping data for table `tb_menu`
--

INSERT INTO `tb_menu` (`menu_id`, `parent_id`, `module`, `url`, `menu_name`, `menu_type`, `role_id`, `deep`, `ordering`, `position`, `menu_icons`, `active`, `access_data`, `allow_guest`, `menu_lang`) VALUES
(1, 0, 'customer', NULL, 'Customer', 'internal', NULL, NULL, NULL, 'sidebar', '', '1', '{"1":"1","2":"1","3":"1"}', '0', NULL),
(2, 0, 'test', NULL, 'Test', 'internal', NULL, NULL, NULL, 'sidebar', '', '1', '{"1":"1","2":"1","3":"1"}', '0', NULL);

-- --------------------------------------------------------

--
-- Table structure for table `tb_module`
--

CREATE TABLE `tb_module` (
  `module_id` int(11) NOT NULL,
  `module_name` varchar(100) DEFAULT NULL,
  `module_title` varchar(100) DEFAULT NULL,
  `module_note` varchar(255) DEFAULT NULL,
  `module_author` varchar(100) DEFAULT NULL,
  `module_created` timestamp NULL DEFAULT NULL,
  `module_desc` text,
  `module_db` varchar(255) DEFAULT NULL,
  `module_db_key` varchar(100) DEFAULT NULL,
  `module_type` enum('master','report','proccess','core','generic','addon','ajax') DEFAULT 'master',
  `module_config` longtext,
  `module_lang` text,
  `application_id` int(11) NOT NULL DEFAULT '0'
) ENGINE=InnoDB DEFAULT CHARSET=utf8;

--
-- Dumping data for table `tb_module`
--

INSERT INTO `tb_module` (`module_id`, `module_name`, `module_title`, `module_note`, `module_author`, `module_created`, `module_desc`, `module_db`, `module_db_key`, `module_type`, `module_config`, `module_lang`, `application_id`) VALUES
(1, 'users', 'User List', 'View All Users', 'Mango Tm', '2013-07-10 15:46:46', NULL, 'tb_users', 'id', 'core', 'eyJ0YWJsZV9kY4oIonR4XgVzZXJzo4w4cHJ1bWFyeV9rZXk4O4JlciVyXi3ko4w4cgFsXgN3bGVjdCoIo3NFTEVDVCA5dGJfdXN3cnMuK4w5oHR4XidybgVwcymuYWl3oFxyXGmGUk9NoHR4XgVzZXJzoExFR3Q5Sk9JT4B0Y39ncp9lcHM5T0a5dGJfZgJvdXBzLpdybgVwXi3koD05dGJfdXN3cnMuZgJvdXBf6WQ4LCJzcWxfdih3cpU4O4o5oCBXSEVSRSB0Y39lciVycym1ZCAhPScnoCA4LCJzcWxfZgJvdXA4O4o5oCA5o4w4ZgJ1ZCoIWgs4Zp33bGQ4O4J1ZCosopFs6WFzoj24dGJfdXN3cnM4LCJsYWJ3bCoIok3ko4w4dp33dyoIMCw4ZGV0YW3soj2wLCJzbgJ0YWJsZSoIMCw4ciVhcpN2oj2xLCJkbgdubG9hZCoIMCw4ZnJvepVuoj2xLCJg6WR06CoIojEwMCosopFs6Wduoj24bGVpdCosonNvcnRs6XN0oj24MCosopNvbpa4Ons4dpFs6WQ4O4o4LCJkY4oIo4osopt3eSoIo4osopR1cgBsYXk4O4o4fSw4YXR0cp34dXR3oj17ophmcGVybG3u6yoIeyJhYgR1dpU4OjEsopx1bps4O4o4LCJ0YXJnZXQ4O4o4LCJ2dGlsoj24on0sop3tYWd3oj17opFjdG3iZSoIMCw4cGF06CoIo4osonN1epVfeCoIo4osonN1epVfeSoIo4osoph0bWw4O4o4fX0sopFw6SoIMX0seyJp6WVsZCoIopFiYXRhc4osopFs6WFzoj24dGJfdXN3cnM4LCJsYWJ3bCoIokFiYXRhc4osonZ1ZXc4OjEsopR3dGF1bCoIMSw4ci9ydGF4bGU4OjAsonN3YXJj6CoIMSw4ZG9gbpxvYWQ4OjAsopZybg13b4oIMSw4di3kdG54O4ozMCosopFs6Wduoj24bGVpdCosonNvcnRs6XN0oj24MSosopNvbpa4Ons4dpFs6WQ4O4o4LCJkY4oIo4osopt3eSoIo4osopR1cgBsYXk4O4o4fSw4YXR0cp34dXR3oj17ophmcGVybG3u6yoIeyJhYgR1dpU4OjEsopx1bps4O4o4LCJ0YXJnZXQ4O4o4LCJ2dGlsoj24on0sop3tYWd3oj17opFjdG3iZSoIMSw4cGF06CoIo3wvdXBsbiFkclwvdXN3cnM4LCJz6X13Xg54O4o4LCJz6X13Xgk4O4o4LCJ2dGlsoj24onl9LCJhcGk4OjF9LHs4Zp33bGQ4O4Jncp9lcF91ZCosopFs6WFzoj24dGJfdXN3cnM4LCJsYWJ3bCoIokdybgVwo4w4dp33dyoIMSw4ZGV0YW3soj2xLCJzbgJ0YWJsZSoIMCw4ciVhcpN2oj2xLCJkbgdubG9hZCoIMCw4ZnJvepVuoj2xLCJg6WR06CoIojEwMCosopFs6Wduoj24bGVpdCosonNvcnRs6XN0oj24MyosopNvbpa4Ons4dpFs6WQ4O4oxo4w4ZGo4O4J0Y39ncp9lcHM4LCJrZXk4O4Jncp9lcF91ZCosopR1cgBsYXk4O4JuYWl3on0sopF0dHJ1YnV0ZSoIeyJ2eXB3cpx1bps4Ons4YWN06XZ3oj2xLCJs6Wmroj24o4w4dGFyZiV0oj24o4w46HRtbCoIo4J9LCJ1bWFnZSoIeyJhYgR1dpU4OjAsonBhdG54O4o4LCJz6X13Xg54O4o4LCJz6X13Xgk4O4o4LCJ2dGlsoj24onl9LCJhcGk4OjF9LHs4Zp33bGQ4O4JlciVybpFtZSosopFs6WFzoj24dGJfdXN3cnM4LCJsYWJ3bCoIo3VzZXJuYWl3o4w4dp33dyoIMSw4ZGV0YW3soj2xLCJzbgJ0YWJsZSoIMSw4ciVhcpN2oj2xLCJkbgdubG9hZCoIMSw4ZnJvepVuoj2xLCJg6WR06CoIojEwMCosopFs6Wduoj24o4w4ci9ydGx1cgQ4O4olo4w4Yi9ub4oIeyJiYWx1ZCoIo4osopR4oj24o4w46iVmoj24o4w4ZG3zcGxheSoIo4J9LCJhdHRy6WJldGU4Ons46H3wZXJs6Wmroj17opFjdG3iZSoIMSw4bG3u6yoIo4osonRhcpd3dCoIo4osoph0bWw4O4o4fSw46WlhZiU4Ons4YWN06XZ3oj2wLCJwYXR2oj24o4w4ci3IZV9aoj24o4w4ci3IZV9moj24o4w46HRtbCoIo4J9fSw4YXB1oj2xfSx7opNsYXNzoj24dXN3cnM4LCJp6WVsZCoIonB2bim3o4w4YWx1YXM4O4J0Y39lciVycyosopxhYpVsoj24UGhvbpU4LCJsYWmndWFnZSoIWl0sonN3YXJj6CoIojE4LCJkbgdubG9hZCoIojE4LCJhcGk4O4oxo4w4YWx1Zia4O4JsZWZ0o4w4dp33dyoIojE4LCJkZXRh6Ww4O4oxo4w4ci9ydGF4bGU4O4oxo4w4ZnJvepVuoj24MCosoph1ZGR3b4oIojA4LCJzbgJ0bG3zdCoINSw4di3kdG54O4JhdXRvo4w4Yi9ub4oIeyJiYWx1ZCoIojA4LCJkY4oIo4osopt3eSoIo4osopR1cgBsYXk4O4o4fSw4Zp9ybWF0XiFzoj24o4w4Zp9ybWF0XgZhbHV3oj24on0seyJp6WVsZCoIopZ1cnN0XimhbWU4LCJhbG3hcyoIonR4XgVzZXJzo4w4bGF4ZWw4O4JG6XJzdCBOYWl3o4w4dp33dyoIMSw4ZGV0YW3soj2xLCJzbgJ0YWJsZSoIMSw4ciVhcpN2oj2xLCJkbgdubG9hZCoIMSw4ZnJvepVuoj2xLCJg6WR06CoIojEwMCosopFs6Wduoj24o4w4ci9ydGx1cgQ4O4oio4w4Yi9ub4oIeyJiYWx1ZCoIo4osopR4oj24o4w46iVmoj24o4w4ZG3zcGxheSoIo4J9LCJhdHRy6WJldGU4Ons46H3wZXJs6Wmroj17opFjdG3iZSoIMSw4bG3u6yoIo4osonRhcpd3dCoIo4osoph0bWw4O4o4fSw46WlhZiU4Ons4YWN06XZ3oj2wLCJwYXR2oj24o4w4ci3IZV9aoj24o4w4ci3IZV9moj24o4w46HRtbCoIo4J9fSw4YXB1oj2xfSx7opZ1ZWxkoj24bGFzdF9uYWl3o4w4YWx1YXM4O4J0Y39lciVycyosopxhYpVsoj24TGFzdCBOYWl3o4w4dp33dyoIMSw4ZGV0YW3soj2xLCJzbgJ0YWJsZSoIMSw4ciVhcpN2oj2xLCJkbgdubG9hZCoIMSw4ZnJvepVuoj2xLCJg6WR06CoIojEwMCosopFs6Wduoj24o4w4ci9ydGx1cgQ4O4ogo4w4Yi9ub4oIeyJiYWx1ZCoIo4osopR4oj24o4w46iVmoj24o4w4ZG3zcGxheSoIo4J9LCJhdHRy6WJldGU4Ons46H3wZXJs6Wmroj17opFjdG3iZSoIMSw4bG3u6yoIo4osonRhcpd3dCoIo4osoph0bWw4O4o4fSw46WlhZiU4Ons4YWN06XZ3oj2wLCJwYXR2oj24o4w4ci3IZV9aoj24o4w4ci3IZV9moj24o4w46HRtbCoIo4J9fSw4YXB1oj2xfSx7opZ1ZWxkoj24ZWlh6Ww4LCJhbG3hcyoIonR4XgVzZXJzo4w4bGF4ZWw4O4JFbWF1bCosonZ1ZXc4OjEsopR3dGF1bCoIMSw4ci9ydGF4bGU4OjEsonN3YXJj6CoIMSw4ZG9gbpxvYWQ4OjEsopZybg13b4oIMSw4di3kdG54O4oxMDA4LCJhbG3nb4oIo4osonNvcnRs6XN0oj24OCosopNvbpa4Ons4dpFs6WQ4O4o4LCJkY4oIo4osopt3eSoIo4osopR1cgBsYXk4O4o4fSw4YXR0cp34dXR3oj17ophmcGVybG3u6yoIeyJhYgR1dpU4OjEsopx1bps4O4o4LCJ0YXJnZXQ4O4o4LCJ2dGlsoj24on0sop3tYWd3oj17opFjdG3iZSoIMCw4cGF06CoIo4osonN1epVfeCoIo4osonN1epVfeSoIo4osoph0bWw4O4o4fX0sopFw6SoIMX0seyJp6WVsZCoIonBhcgNgbgJko4w4YWx1YXM4O4J0Y39lciVycyosopxhYpVsoj24UGFzcgdvcpQ4LCJi6WVgoj2wLCJkZXRh6Ww4OjAsonNvcnRhYpx3oj2wLCJzZWFyYi54OjEsopRvdimsbiFkoj2wLCJpcp9IZWa4OjEsond1ZHR2oj24MTAwo4w4YWx1Zia4O4JsZWZ0o4w4ci9ydGx1cgQ4O4omo4w4Yi9ub4oIeyJiYWx1ZCoIo4osopR4oj24o4w46iVmoj24o4w4ZG3zcGxheSoIo4J9LCJhdHRy6WJldGU4Ons46H3wZXJs6Wmroj17opFjdG3iZSoIMSw4bG3u6yoIo4osonRhcpd3dCoIo4osoph0bWw4O4o4fSw46WlhZiU4Ons4YWN06XZ3oj2wLCJwYXR2oj24o4w4ci3IZV9aoj24o4w4ci3IZV9moj24o4w46HRtbCoIo4J9fSw4YXB1oj2xfSx7opZ1ZWxkoj24bG9n6WmfYXR0ZWlwdCosopFs6WFzoj24dGJfdXN3cnM4LCJsYWJ3bCoIokxvZi3uoEF0dGVtcHQ4LCJi6WVgoj2wLCJkZXRh6Ww4OjAsonNvcnRhYpx3oj2wLCJzZWFyYi54OjEsopRvdimsbiFkoj2wLCJpcp9IZWa4OjEsond1ZHR2oj24MTAwo4w4YWx1Zia4O4JsZWZ0o4w4ci9ydGx1cgQ4O4oxMCosopNvbpa4Ons4dpFs6WQ4O4o4LCJkY4oIo4osopt3eSoIo4osopR1cgBsYXk4O4o4fSw4YXR0cp34dXR3oj17ophmcGVybG3u6yoIeyJhYgR1dpU4OjEsopx1bps4O4o4LCJ0YXJnZXQ4O4o4LCJ2dGlsoj24on0sop3tYWd3oj17opFjdG3iZSoIMCw4cGF06CoIo4osonN1epVfeCoIo4osonN1epVfeSoIo4osoph0bWw4O4o4fX0sopFw6SoIMX0seyJp6WVsZCoIopNyZWF0ZWRfYXQ4LCJhbG3hcyoIonR4XgVzZXJzo4w4bGF4ZWw4O4JDcpVhdGVkoEF0o4w4dp33dyoIMCw4ZGV0YW3soj2xLCJzbgJ0YWJsZSoIMCw4ciVhcpN2oj2xLCJkbgdubG9hZCoIMSw4ZnJvepVuoj2xLCJg6WR06CoIojEwMCosopFs6Wduoj24bGVpdCosonNvcnRs6XN0oj24MTE4LCJjbimuoj17onZhbG3koj24o4w4ZGo4O4o4LCJrZXk4O4o4LCJk6XNwbGFmoj24on0sopF0dHJ1YnV0ZSoIeyJ2eXB3cpx1bps4Ons4YWN06XZ3oj2xLCJs6Wmroj24o4w4dGFyZiV0oj24o4w46HRtbCoIo4J9LCJ1bWFnZSoIeyJhYgR1dpU4OjAsonBhdG54O4o4LCJz6X13Xg54O4o4LCJz6X13Xgk4O4o4LCJ2dGlsoj24onl9LCJhcGk4OjF9LHs4Zp33bGQ4O4JsYXN0XixvZi3uo4w4YWx1YXM4O4J0Y39lciVycyosopxhYpVsoj24TGFzdCBMbid1b4osonZ1ZXc4OjAsopR3dGF1bCoIMSw4ci9ydGF4bGU4OjAsonN3YXJj6CoIMSw4ZG9gbpxvYWQ4OjEsopZybg13b4oIMSw4di3kdG54O4oxMDA4LCJhbG3nb4oIopx3ZnQ4LCJzbgJ0bG3zdCoIojEyo4w4Yi9ub4oIeyJiYWx1ZCoIo4osopR4oj24o4w46iVmoj24o4w4ZG3zcGxheSoIo4J9LCJhdHRy6WJldGU4Ons46H3wZXJs6Wmroj17opFjdG3iZSoIMSw4bG3u6yoIo4osonRhcpd3dCoIo4osoph0bWw4O4o4fSw46WlhZiU4Ons4YWN06XZ3oj2wLCJwYXR2oj24o4w4ci3IZV9aoj24o4w4ci3IZV9moj24o4w46HRtbCoIo4J9fSw4YXB1oj2xfSx7opNsYXNzoj24dXN3cnM4LCJp6WVsZCoIonJ3bW3uZGVyo4w4YWx1YXM4O4J0Y39lciVycyosopxhYpVsoj24UpVt6WmkZXo4LCJsYWmndWFnZSoIWl0sonN3YXJj6CoIojE4LCJkbgdubG9hZCoIojE4LCJhcGk4OjEsopFs6Wduoj24bGVpdCosonZ1ZXc4O4oxo4w4ZGV0YW3soj24MSosonNvcnRhYpx3oj24MSosopZybg13b4oIojA4LCJ26WRkZWa4O4owo4w4ci9ydGx1cgQ4OjEyLCJg6WR06CoIopFldG84LCJjbimuoj17onZhbG3koj24MCosopR4oj24o4w46iVmoj24o4w4ZG3zcGxheSoIo4J9LCJpbgJtYXRfYXM4O4o4LCJpbgJtYXRfdpFsdWU4O4o4fSx7opZ1ZWxkoj24dXBkYXR3ZF9hdCosopFs6WFzoj24dGJfdXN3cnM4LCJsYWJ3bCoIo3VwZGF0ZWQ5QXQ4LCJi6WVgoj2wLCJkZXRh6Ww4OjEsonNvcnRhYpx3oj2xLCJzZWFyYi54OjEsopRvdimsbiFkoj2xLCJpcp9IZWa4OjEsond1ZHR2oj24MTAwo4w4YWx1Zia4O4JsZWZ0o4w4ci9ydGx1cgQ4O4oxMyosopNvbpa4Ons4dpFs6WQ4O4o4LCJkY4oIo4osopt3eSoIo4osopR1cgBsYXk4O4o4fSw4YXR0cp34dXR3oj17ophmcGVybG3u6yoIeyJhYgR1dpU4OjEsopx1bps4O4o4LCJ0YXJnZXQ4O4o4LCJ2dGlsoj24on0sop3tYWd3oj17opFjdG3iZSoIMCw4cGF06CoIo4osonN1epVfeCoIo4osonN1epVfeSoIo4osoph0bWw4O4o4fX0sopFw6SoIMX0seyJjbGFzcyoIonVzZXJzo4w4Zp33bGQ4O4JhYgR1dpF06W9uo4w4YWx1YXM4O4J0Y39lciVycyosopxhYpVsoj24QWN06XZhdG3vb4osopxhbpdlYWd3oj1bXSw4ciVhcpN2oj24MSosopRvdimsbiFkoj24MSosopFw6SoIMSw4YWx1Zia4O4JsZWZ0o4w4dp33dyoIojE4LCJkZXRh6Ww4O4oxo4w4ci9ydGF4bGU4O4oxo4w4ZnJvepVuoj24MCosoph1ZGR3b4oIojA4LCJzbgJ0bG3zdCoIMTMsond1ZHR2oj24YXV0byosopNvbpa4Ons4dpFs6WQ4O4owo4w4ZGo4O4o4LCJrZXk4O4o4LCJk6XNwbGFmoj24on0sopZvcplhdF9hcyoIo4osopZvcplhdF9iYWxlZSoIo4J9LHs4YixhcgM4O4JlciVycyosopZ1ZWxkoj24cpVtZWl4ZXJfdG9rZWa4LCJhbG3hcyoIonR4XgVzZXJzo4w4bGF4ZWw4O4JSZWl3bWJ3c4BUbit3b4osopxhbpdlYWd3oj1bXSw4ciVhcpN2oj24MSosopRvdimsbiFkoj24MSosopFw6SoIMSw4YWx1Zia4O4JsZWZ0o4w4dp33dyoIojE4LCJkZXRh6Ww4O4oxo4w4ci9ydGF4bGU4O4oxo4w4ZnJvepVuoj24MCosoph1ZGR3b4oIojA4LCJzbgJ0bG3zdCoIMTQsond1ZHR2oj24YXV0byosopNvbpa4Ons4dpFs6WQ4O4owo4w4ZGo4O4o4LCJrZXk4O4o4LCJk6XNwbGFmoj24on0sopZvcplhdF9hcyoIo4osopZvcplhdF9iYWxlZSoIo4J9LHs4Zp33bGQ4O4JhYgR1dpU4LCJhbG3hcyoIonR4XgVzZXJzo4w4bGF4ZWw4O4JBYgR1dpU4LCJi6WVgoj2xLCJkZXRh6Ww4OjEsonNvcnRhYpx3oj2xLCJzZWFyYi54OjEsopRvdimsbiFkoj2wLCJpcp9IZWa4OjEsond1ZHR2oj24MTAwo4w4YWx1Zia4O4o4LCJzbgJ0bG3zdCoIojE0o4w4Yi9ub4oIeyJiYWx1ZCoIo4osopR4oj24o4w46iVmoj24o4w4ZG3zcGxheSoIo4J9LCJhdHRy6WJldGU4Ons46H3wZXJs6Wmroj17opFjdG3iZSoIMSw4bG3u6yoIo4osonRhcpd3dCoIo4osoph0bWw4O4o4fSw46WlhZiU4Ons4YWN06XZ3oj2wLCJwYXR2oj24o4w4ci3IZV9aoj24o4w4ci3IZV9moj24o4w46HRtbCoIo4J9fSw4YXB1oj2xfSx7opNsYXNzoj24dXN3cnM4LCJp6WVsZCoIopxhcgRfYWN06XZ1dHk4LCJhbG3hcyoIonR4XgVzZXJzo4w4bGF4ZWw4O4JMYXN0oEFjdG3i6XRmo4w4bGFuZgVhZiU4O3tdLCJzZWFyYi54O4oxo4w4ZG9gbpxvYWQ4O4oxo4w4YXB1oj2xLCJhbG3nb4oIopx3ZnQ4LCJi6WVgoj24MSosopR3dGF1bCoIojE4LCJzbgJ0YWJsZSoIojE4LCJpcp9IZWa4O4owo4w46G3kZGVuoj24MCosonNvcnRs6XN0oj2xNSw4di3kdG54O4JhdXRvo4w4Yi9ub4oIeyJiYWx1ZCoIojA4LCJkY4oIo4osopt3eSoIo4osopR1cgBsYXk4O4o4fSw4Zp9ybWF0XiFzoj24o4w4Zp9ybWF0XgZhbHV3oj24on0seyJjbGFzcyoIonVzZXJzo4w4Zp33bGQ4O4J3bnRyeV94eSosopFs6WFzoj24dGJfdXN3cnM4LCJsYWJ3bCoIokVudHJmoEJmo4w4bGFuZgVhZiU4O3tdLCJzZWFyYi54O4oxo4w4ZG9gbpxvYWQ4O4oxo4w4YXB1oj24MSosopFs6Wduoj24bGVpdCosonZ1ZXc4O4oxo4w4ZGV0YW3soj24MSosonNvcnRhYpx3oj24MSosopZybg13b4oIojA4LCJ26WRkZWa4O4owo4w4ci9ydGx1cgQ4OjEiLCJg6WR06CoIopFldG84LCJjbimuoj17onZhbG3koj24MCosopR4oj24o4w46iVmoj24o4w4ZG3zcGxheSoIo4J9LCJpbgJtYXRfYXM4O4o4LCJpbgJtYXRfdpFsdWU4O4o4fV0sopZvcplfYi9sdWluoj2yLCJpbgJtXixheW9ldCoIeyJjbixlbWa4OjosonR1dGx3oj24VXN3cnMsRGF0YSosopZvcplhdCoIopdy6WQ4LCJk6XNwbGFmoj246G9y6X1vbnRhbCJ9LCJpbgJtcyoIWgs4Zp33bGQ4O4J1ZCosopFs6WFzoj24dGJfdXN3cnM4LCJsYWJ3bCoIok3ko4w4Zp9ybV9ncp9lcCoIMCw4cpVxdW3yZWQ4O4owo4w4dp33dyoIMSw4dH3wZSoIoph1ZGR3b4osopFkZCoIMSw4ci3IZSoIojA4LCJ3ZG30oj2xLCJzZWFyYi54O4oxo4w4ci9ydGx1cgQ4OjAsop9wdG3vb4oIeyJvcHRfdH3wZSoIo4osopxvbitlcF9xdWVyeSoIo4osopxvbitlcF90YWJsZSoIo4osopxvbitlcF9rZXk4O4o4LCJsbi9rdXBfdpFsdWU4O4o4LCJ1cl9kZXB3bpR3bpNmoj24o4w4bG9v6gVwXiR3cGVuZGVuYg3f6iVmoj24o4w4cGF06F90bl9lcGxvYWQ4O4o4LCJyZXN1epVfdi3kdG54O4o4LCJyZXN1epVf6GV1Zih0oj24o4w4dXBsbiFkXgRmcGU4O4o4LCJ0bi9sdG3woj24o4w4YXR0cp34dXR3oj24o4w4ZXh0ZWmkXiNsYXNzoj24onl9LHs4Zp33bGQ4O4Jncp9lcF91ZCosopFs6WFzoj24dGJfdXN3cnM4LCJsYWJ3bCoIokdybgVwoFwvoEx3dpVso4w4Zp9ybV9ncp9lcCoIMCw4cpVxdW3yZWQ4O4JyZXFl6XJ3ZCosonZ1ZXc4OjEsonRmcGU4O4JzZWx3YgQ4LCJhZGQ4OjEsonN1epU4O4owo4w4ZWR1dCoIMSw4ciVhcpN2oj24MSosonNvcnRs6XN0oj2xLCJvcHR1bia4Ons4bgB0XgRmcGU4O4J3eHR3cpmhbCosopxvbitlcF9xdWVyeSoIo4osopxvbitlcF90YWJsZSoIonR4XidybgVwcyosopxvbitlcF9rZXk4O4Jncp9lcF91ZCosopxvbitlcF9iYWxlZSoIopmhbWU4LCJ1cl9kZXB3bpR3bpNmoj24o4w4bG9v6gVwXiR3cGVuZGVuYg3f6iVmoj24o4w4cGF06F90bl9lcGxvYWQ4O4o4LCJyZXN1epVfdi3kdG54O4o4LCJyZXN1epVf6GV1Zih0oj24o4w4dXBsbiFkXgRmcGU4O4o4LCJ0bi9sdG3woj24o4w4YXR0cp34dXR3oj24o4w4ZXh0ZWmkXiNsYXNzoj24onl9LHs4Zp33bGQ4O4JlciVybpFtZSosopFs6WFzoj24dGJfdXN3cnM4LCJsYWJ3bCoIo3VzZXJuYWl3o4w4Zp9ybV9ncp9lcCoIMCw4cpVxdW3yZWQ4O4JyZXFl6XJ3ZCosonZ1ZXc4OjEsonRmcGU4O4J0ZXh0o4w4YWRkoj2xLCJz6X13oj24MCosopVk6XQ4OjEsonN3YXJj6CoIojE4LCJzbgJ0bG3zdCoIM4w4bgB06W9uoj17op9wdF90eXB3oj24o4w4bG9v6gVwXgFlZXJmoj24o4w4bG9v6gVwXgRhYpx3oj24o4w4bG9v6gVwXit3eSoIo4osopxvbitlcF9iYWxlZSoIo4osop3zXiR3cGVuZGVuYgk4O4o4LCJsbi9rdXBfZGVwZWmkZWmjeV9rZXk4O4o4LCJwYXR2XgRvXgVwbG9hZCoIo4osonJ3ci3IZV9g6WR06CoIo4osonJ3ci3IZV92ZW3n6HQ4O4o4LCJlcGxvYWRfdH3wZSoIo4osonRvbix06XA4O4o4LCJhdHRy6WJldGU4O4o4LCJ3eHR3bpRfYixhcgM4O4o4fX0seyJp6WVsZCoIopZ1cnN0XimhbWU4LCJhbG3hcyoIonR4XgVzZXJzo4w4bGF4ZWw4O4JG6XJzdCBOYWl3o4w4Zp9ybV9ncp9lcCoIMCw4cpVxdW3yZWQ4O4JyZXFl6XJ3ZCosonZ1ZXc4OjEsonRmcGU4O4J0ZXh0o4w4YWRkoj2xLCJz6X13oj24MCosopVk6XQ4OjEsonN3YXJj6CoIojE4LCJzbgJ0bG3zdCoIMyw4bgB06W9uoj17op9wdF90eXB3oj24o4w4bG9v6gVwXgFlZXJmoj24o4w4bG9v6gVwXgRhYpx3oj24o4w4bG9v6gVwXit3eSoIo4osopxvbitlcF9iYWxlZSoIo4osop3zXiR3cGVuZGVuYgk4O4o4LCJsbi9rdXBfZGVwZWmkZWmjeV9rZXk4O4o4LCJwYXR2XgRvXgVwbG9hZCoIo4osonJ3ci3IZV9g6WR06CoIo4osonJ3ci3IZV92ZW3n6HQ4O4o4LCJlcGxvYWRfdH3wZSoIo4osonRvbix06XA4O4o4LCJhdHRy6WJldGU4O4o4LCJ3eHR3bpRfYixhcgM4O4o4fX0seyJp6WVsZCoIopxhcgRfbpFtZSosopFs6WFzoj24dGJfdXN3cnM4LCJsYWJ3bCoIokxhcgQ5TpFtZSosopZvcplfZgJvdXA4OjAsonJ3cXV1cpVkoj24MCosonZ1ZXc4OjEsonRmcGU4O4J0ZXh0o4w4YWRkoj2xLCJz6X13oj24MCosopVk6XQ4OjEsonN3YXJj6CoIojE4LCJzbgJ0bG3zdCoINCw4bgB06W9uoj17op9wdF90eXB3oj24o4w4bG9v6gVwXgFlZXJmoj24o4w4bG9v6gVwXgRhYpx3oj24o4w4bG9v6gVwXit3eSoIo4osopxvbitlcF9iYWxlZSoIo4osop3zXiR3cGVuZGVuYgk4O4o4LCJsbi9rdXBfZGVwZWmkZWmjeV9rZXk4O4o4LCJwYXR2XgRvXgVwbG9hZCoIo4osonJ3ci3IZV9g6WR06CoIo4osonJ3ci3IZV92ZW3n6HQ4O4o4LCJlcGxvYWRfdH3wZSoIo4osonRvbix06XA4O4o4LCJhdHRy6WJldGU4O4o4LCJ3eHR3bpRfYixhcgM4O4o4fX0seyJp6WVsZCoIopVtYW3so4w4YWx1YXM4O4J0Y39lciVycyosopxhYpVsoj24RWlh6Ww4LCJpbgJtXidybgVwoj2wLCJyZXFl6XJ3ZCoIopVtYW3so4w4dp33dyoIMSw4dH3wZSoIonR3eHQ4LCJhZGQ4OjEsonN1epU4O4owo4w4ZWR1dCoIMSw4ciVhcpN2oj24MSosonNvcnRs6XN0oj2lLCJvcHR1bia4Ons4bgB0XgRmcGU4O4o4LCJsbi9rdXBfcXV3cnk4O4o4LCJsbi9rdXBfdGF4bGU4O4o4LCJsbi9rdXBf6iVmoj24o4w4bG9v6gVwXgZhbHV3oj24o4w46XNfZGVwZWmkZWmjeSoIo4osopxvbitlcF9kZXB3bpR3bpNmXit3eSoIo4osonBhdGhfdG9fdXBsbiFkoj24o4w4cpVz6X13Xgd1ZHR2oj24o4w4cpVz6X13Xih36Wd2dCoIo4osonVwbG9hZF90eXB3oj24o4w4dG9vbHR1cCoIo4osopF0dHJ1YnV0ZSoIo4osopVadGVuZF9jbGFzcyoIo4J9fSx7opNsYXNzoj24dXN3cnM4LCJp6WVsZCoIonB2bim3o4w4YWx1YXM4O4J0Y39lciVycyosopxhYpVsoj24UGhvbpU4LCJsYWmndWFnZSoIWl0sonJ3cXV1cpVkoj24MCosonZ1ZXc4O4oxo4w4dH3wZSoIonR3eHQ4LCJhZGQ4O4oxo4w4ZWR1dCoIojE4LCJzZWFyYi54O4oxo4w4ci3IZSoIonNwYWaxM4osonNvcnRs6XN0oj2lLCJpbgJtXidybgVwoj24o4w46WmwdXRfZgJvdXA4O3tdLCJvcHR1bia4Ons4bgB0XgRmcGU4O4o4LCJsbi9rdXBfcXV3cnk4O4o4LCJsbi9rdXBfdGF4bGU4O4o4LCJsbi9rdXBf6iVmoj24o4w4bG9v6gVwXgZhbHV3oj24o4w46XNfZGVwZWmkZWmjeSoIo4osonN3bGVjdF9tdWx06XBsZSoIojA4LCJ1bWFnZV9tdWx06XBsZSoIojA4LCJzYXZ3XiZlbGxfcGF06CoIojA4LCJsbi9rdXBfZGVwZWmkZWmjeV9rZXk4O4o4LCJwYXR2XgRvXgVwbG9hZCoIo4osonVwbG9hZF90eXB3oj24o4w4dG9vbHR1cCoIo4osoph3bHB0ZXh0oj24o4w4cGxhYiV2bixkZXo4O4o4LCJhdHRy6WJldGU4O4o4LCJ3eHR3bpRfYixhcgM4O4o4LCJwcpVp6X54O4o4LCJzdWZ1eCoIo4osonN0c39wcpVp6X54O4o4LCJiYWxfdH3wZSoIonN0c4J9fSx7opZ1ZWxkoj24cGFzcgdvcpQ4LCJhbG3hcyoIonR4XgVzZXJzo4w4bGF4ZWw4O4JQYXNzdi9yZCosopZvcplfZgJvdXA4OjAsonJ3cXV1cpVkoj24MCosonZ1ZXc4OjAsonRmcGU4O4J0ZXh0o4w4YWRkoj2xLCJz6X13oj24MCosopVk6XQ4OjEsonN3YXJj6CoIMCw4ci9ydGx1cgQ4OjYsop9wdG3vb4oIeyJvcHRfdH3wZSoIo4osopxvbitlcF9xdWVyeSoIo4osopxvbitlcF90YWJsZSoIojA4LCJsbi9rdXBf6iVmoj24o4w4bG9v6gVwXgZhbHV3oj24o4w46XNfZGVwZWmkZWmjeSoIo4osopxvbitlcF9kZXB3bpR3bpNmXit3eSoIo4osonBhdGhfdG9fdXBsbiFkoj24o4w4cpVz6X13Xgd1ZHR2oj24o4w4cpVz6X13Xih36Wd2dCoIo4osonVwbG9hZF90eXB3oj24o4w4dG9vbHR1cCoIo4osopF0dHJ1YnV0ZSoIo4osopVadGVuZF9jbGFzcyoIo4J9fSx7opZ1ZWxkoj24bG9n6WmfYXR0ZWlwdCosopFs6WFzoj24dGJfdXN3cnM4LCJsYWJ3bCoIokxvZi3uoEF0dGVtcHQ4LCJpbgJtXidybgVwoj2wLCJyZXFl6XJ3ZCoIojA4LCJi6WVgoj2xLCJ0eXB3oj24dGVadCosopFkZCoIMSw4ci3IZSoIojA4LCJ3ZG30oj2xLCJzZWFyYi54OjAsonNvcnRs6XN0oj2gLCJvcHR1bia4Ons4bgB0XgRmcGU4O4o4LCJsbi9rdXBfcXV3cnk4O4o4LCJsbi9rdXBfdGF4bGU4O4o4LCJsbi9rdXBf6iVmoj24o4w4bG9v6gVwXgZhbHV3oj24o4w46XNfZGVwZWmkZWmjeSoIo4osopxvbitlcF9kZXB3bpR3bpNmXit3eSoIo4osonBhdGhfdG9fdXBsbiFkoj24o4w4cpVz6X13Xgd1ZHR2oj24o4w4cpVz6X13Xih36Wd2dCoIo4osonVwbG9hZF90eXB3oj24o4w4dG9vbHR1cCoIo4osopF0dHJ1YnV0ZSoIo4osopVadGVuZF9jbGFzcyoIo4J9fSx7opZ1ZWxkoj24bGFzdF9sbid1b4osopFs6WFzoj24dGJfdXN3cnM4LCJsYWJ3bCoIokxhcgQ5TG9n6Wa4LCJpbgJtXidybgVwoj2xLCJyZXFl6XJ3ZCoIojA4LCJi6WVgoj2wLCJ0eXB3oj24dGVadCosopFkZCoIMSw4ci3IZSoIojA4LCJ3ZG30oj2xLCJzZWFyYi54OjAsonNvcnRs6XN0oj2aLCJvcHR1bia4Ons4bgB0XgRmcGU4O4o4LCJsbi9rdXBfcXV3cnk4O4o4LCJsbi9rdXBfdGF4bGU4O4owo4w4bG9v6gVwXit3eSoIo4osopxvbitlcF9iYWxlZSoIo4osop3zXiR3cGVuZGVuYgk4O4o4LCJsbi9rdXBfZGVwZWmkZWmjeV9rZXk4O4o4LCJwYXR2XgRvXgVwbG9hZCoIo4osonJ3ci3IZV9g6WR06CoIo4osonJ3ci3IZV92ZW3n6HQ4O4o4LCJlcGxvYWRfdH3wZSoIo4osonRvbix06XA4O4o4LCJhdHRy6WJldGU4O4o4LCJ3eHR3bpRfYixhcgM4O4o4fX0seyJp6WVsZCoIopFiYXRhc4osopFs6WFzoj24dGJfdXN3cnM4LCJsYWJ3bCoIokFiYXRhc4osopZvcplfZgJvdXA4O4oxo4w4cpVxdW3yZWQ4O4owo4w4dp33dyoIMSw4dH3wZSoIonR3eHQ4LCJhZGQ4OjEsopVk6XQ4OjEsonN3YXJj6CoIojA4LCJz6X13oj24o4w4ci9ydGx1cgQ4O4omo4w4bG3t6XR3ZCoIo4osop9wdG3vb4oIeyJvcHRfdH3wZSoIbnVsbCw4bG9v6gVwXgFlZXJmoj24o4w4bG9v6gVwXgRhYpx3oj1udWxsLCJsbi9rdXBf6iVmoj1udWxsLCJsbi9rdXBfdpFsdWU4O4o4LCJ1cl9kZXB3bpR3bpNmoj1udWxsLCJzZWx3YgRfbXVsdG3wbGU4O4owo4w46WlhZiVfbXVsdG3wbGU4O4owo4w4bG9v6gVwXiR3cGVuZGVuYg3f6iVmoj1udWxsLCJwYXR2XgRvXgVwbG9hZCoIo3wvdXBsbiFkclwvdXN3cnNcLyosonVwbG9hZF90eXB3oj246WlhZiU4LCJyZXN1epVfdi3kdG54O4o4LCJyZXN1epVf6GV1Zih0oj24o4w4dG9vbHR1cCoIo4osopF0dHJ1YnV0ZSoIo4osopVadGVuZF9jbGFzcyoIo4J9fSx7opZ1ZWxkoj24YWN06XZ3o4w4YWx1YXM4O4J0Y39lciVycyosopxhYpVsoj24UgRhdHVzo4w4Zp9ybV9ncp9lcCoIMSw4cpVxdW3yZWQ4O4JyZXFl6XJ3ZCosonZ1ZXc4OjEsonRmcGU4O4JyYWR1byosopFkZCoIMSw4ci3IZSoIojA4LCJ3ZG30oj2xLCJzZWFyYi54O4oxo4w4ci9ydGx1cgQ4OjEwLCJvcHR1bia4Ons4bgB0XgRmcGU4O4JkYXRhbG3zdCosopxvbitlcF9xdWVyeSoIojAISWmhYgR1dpV8MT1BYgR1dpU4LCJsbi9rdXBfdGF4bGU4O4o4LCJsbi9rdXBf6iVmoj24o4w4bG9v6gVwXgZhbHV3oj24o4w46XNfZGVwZWmkZWmjeSoIo4osopxvbitlcF9kZXB3bpR3bpNmXit3eSoIo4osonBhdGhfdG9fdXBsbiFkoj24o4w4cpVz6X13Xgd1ZHR2oj24o4w4cpVz6X13Xih36Wd2dCoIo4osonVwbG9hZF90eXB3oj24o4w4dG9vbHR1cCoIo4osopF0dHJ1YnV0ZSoIo4osopVadGVuZF9jbGFzcyoIo4J9fSx7opZ1ZWxkoj24YgJ3YXR3ZF9hdCosopFs6WFzoj24dGJfdXN3cnM4LCJsYWJ3bCoIokNyZWF0ZWQ5QXQ4LCJpbgJtXidybgVwoj2xLCJyZXFl6XJ3ZCoIojA4LCJi6WVgoj2wLCJ0eXB3oj24dGVadGFyZWE4LCJhZGQ4OjEsonN1epU4O4owo4w4ZWR1dCoIMSw4ciVhcpN2oj2wLCJzbgJ0bG3zdCoIMTEsop9wdG3vb4oIeyJvcHRfdH3wZSoIo4osopxvbitlcF9xdWVyeSoIo4osopxvbitlcF90YWJsZSoIo4osopxvbitlcF9rZXk4O4o4LCJsbi9rdXBfdpFsdWU4O4o4LCJ1cl9kZXB3bpR3bpNmoj24o4w4bG9v6gVwXiR3cGVuZGVuYg3f6iVmoj24o4w4cGF06F90bl9lcGxvYWQ4O4o4LCJyZXN1epVfdi3kdG54O4o4LCJyZXN1epVf6GV1Zih0oj24o4w4dXBsbiFkXgRmcGU4O4o4LCJ0bi9sdG3woj24o4w4YXR0cp34dXR3oj24o4w4ZXh0ZWmkXiNsYXNzoj24onl9LHs4Zp33bGQ4O4JlcGRhdGVkXiF0o4w4YWx1YXM4O4J0Y39lciVycyosopxhYpVsoj24VXBkYXR3ZCBBdCosopZvcplfZgJvdXA4OjEsonJ3cXV1cpVkoj24MCosonZ1ZXc4OjAsonRmcGU4O4J0ZXh0YXJ3YSosopFkZCoIMSw4ci3IZSoIojA4LCJ3ZG30oj2xLCJzZWFyYi54OjAsonNvcnRs6XN0oj2xM4w4bgB06W9uoj17op9wdF90eXB3oj24o4w4bG9v6gVwXgFlZXJmoj24o4w4bG9v6gVwXgRhYpx3oj24o4w4bG9v6gVwXit3eSoIo4osopxvbitlcF9iYWxlZSoIo4osop3zXiR3cGVuZGVuYgk4O4o4LCJsbi9rdXBfZGVwZWmkZWmjeV9rZXk4O4o4LCJwYXR2XgRvXgVwbG9hZCoIo4osonJ3ci3IZV9g6WR06CoIo4osonJ3ci3IZV92ZW3n6HQ4O4o4LCJlcGxvYWRfdH3wZSoIo4osonRvbix06XA4O4o4LCJhdHRy6WJldGU4O4o4LCJ3eHR3bpRfYixhcgM4O4o4fX0seyJjbGFzcyoIonVzZXJzo4w4Zp33bGQ4O4JyZWl1bpR3c4osopFs6WFzoj24dGJfdXN3cnM4LCJsYWJ3bCoIo3J3bW3uZGVyo4w4bGFuZgVhZiU4O3tdLCJyZXFl6XJ3ZCoIojA4LCJi6WVgoj24MSosonRmcGU4O4J0ZXh0o4w4YWRkoj24MSosopVk6XQ4O4oxo4w4ciVhcpN2oj24MSosonN1epU4O4JzcGFuMTo4LCJzbgJ0bG3zdCoIMTosopZvcplfZgJvdXA4O4o4LCJ1bnBldF9ncp9lcCoIWl0sop9wdG3vb4oIeyJvcHRfdH3wZSoIo4osopxvbitlcF9xdWVyeSoIo4osopxvbitlcF90YWJsZSoIo4osopxvbitlcF9rZXk4O4o4LCJsbi9rdXBfdpFsdWU4O4o4LCJ1cl9kZXB3bpR3bpNmoj24o4w4ciVsZWN0XillbHR1cGx3oj24MCosop3tYWd3XillbHR1cGx3oj24MCosonNhdpVfZnVsbF9wYXR2oj24MCosopxvbitlcF9kZXB3bpR3bpNmXit3eSoIo4osonBhdGhfdG9fdXBsbiFkoj24o4w4dXBsbiFkXgRmcGU4O4o4LCJ0bi9sdG3woj24o4w46GVscHR3eHQ4O4o4LCJwbGFjZWhvbGR3c4oIo4osopF0dHJ1YnV0ZSoIo4osopVadGVuZF9jbGFzcyoIo4osonByZWZ1eCoIo4osonNlZp3aoj24o4w4cgRyXgByZWZ1eCoIo4osonZhbF90eXB3oj24cgRyonl9LHs4YixhcgM4O4JlciVycyosopZ1ZWxkoj24YWN06XZhdG3vb4osopFs6WFzoj24dGJfdXN3cnM4LCJsYWJ3bCoIokFjdG3iYXR1bia4LCJsYWmndWFnZSoIWl0sonJ3cXV1cpVkoj24MCosonZ1ZXc4O4oxo4w4dH3wZSoIonR3eHQ4LCJhZGQ4O4oxo4w4ZWR1dCoIojE4LCJzZWFyYi54O4oxo4w4ci3IZSoIonNwYWaxM4osonNvcnRs6XN0oj2xMyw4Zp9ybV9ncp9lcCoIo4osop3ucHV0XidybgVwoj1bXSw4bgB06W9uoj17op9wdF90eXB3oj24o4w4bG9v6gVwXgFlZXJmoj24o4w4bG9v6gVwXgRhYpx3oj24o4w4bG9v6gVwXit3eSoIo4osopxvbitlcF9iYWxlZSoIo4osop3zXiR3cGVuZGVuYgk4O4o4LCJzZWx3YgRfbXVsdG3wbGU4O4owo4w46WlhZiVfbXVsdG3wbGU4O4owo4w4ciFiZV9pdWxsXgBhdG54O4owo4w4bG9v6gVwXiR3cGVuZGVuYg3f6iVmoj24o4w4cGF06F90bl9lcGxvYWQ4O4o4LCJlcGxvYWRfdH3wZSoIo4osonRvbix06XA4O4o4LCJ2ZWxwdGVadCoIo4osonBsYWN36G9sZGVyoj24o4w4YXR0cp34dXR3oj24o4w4ZXh0ZWmkXiNsYXNzoj24o4w4cHJ3Zp3aoj24o4w4cgVp6X54O4o4LCJzdHJfcHJ3Zp3aoj24o4w4dpFsXgRmcGU4O4JzdHo4fX0seyJjbGFzcyoIonVzZXJzo4w4Zp33bGQ4O4JyZWl3bWJ3c390bit3b4osopFs6WFzoj24dGJfdXN3cnM4LCJsYWJ3bCoIo3J3bWVtYpVyoFRv6iVuo4w4bGFuZgVhZiU4O3tdLCJyZXFl6XJ3ZCoIojA4LCJi6WVgoj24MSosonRmcGU4O4J0ZXh0o4w4YWRkoj24MSosopVk6XQ4O4oxo4w4ciVhcpN2oj24MSosonN1epU4O4JzcGFuMTo4LCJzbgJ0bG3zdCoIMTQsopZvcplfZgJvdXA4O4o4LCJ1bnBldF9ncp9lcCoIWl0sop9wdG3vb4oIeyJvcHRfdH3wZSoIo4osopxvbitlcF9xdWVyeSoIo4osopxvbitlcF90YWJsZSoIo4osopxvbitlcF9rZXk4O4o4LCJsbi9rdXBfdpFsdWU4O4o4LCJ1cl9kZXB3bpR3bpNmoj24o4w4ciVsZWN0XillbHR1cGx3oj24MCosop3tYWd3XillbHR1cGx3oj24MCosonNhdpVfZnVsbF9wYXR2oj24MCosopxvbitlcF9kZXB3bpR3bpNmXit3eSoIo4osonBhdGhfdG9fdXBsbiFkoj24o4w4dXBsbiFkXgRmcGU4O4o4LCJ0bi9sdG3woj24o4w46GVscHR3eHQ4O4o4LCJwbGFjZWhvbGR3c4oIo4osopF0dHJ1YnV0ZSoIo4osopVadGVuZF9jbGFzcyoIo4osonByZWZ1eCoIo4osonNlZp3aoj24o4w4cgRyXgByZWZ1eCoIo4osonZhbF90eXB3oj24cgRyonl9LHs4YixhcgM4O4JlciVycyosopZ1ZWxkoj24bGFzdF9hYgR1dp30eSosopFs6WFzoj24dGJfdXN3cnM4LCJsYWJ3bCoIokxhcgQ5QWN06XZ1dHk4LCJsYWmndWFnZSoIWl0sonJ3cXV1cpVkoj24MCosonZ1ZXc4O4oxo4w4dH3wZSoIonR3eHQ4LCJhZGQ4O4oxo4w4ZWR1dCoIojE4LCJzZWFyYi54O4oxo4w4ci3IZSoIonNwYWaxM4osonNvcnRs6XN0oj2xNSw4Zp9ybV9ncp9lcCoIo4osop3ucHV0XidybgVwoj1bXSw4bgB06W9uoj17op9wdF90eXB3oj24o4w4bG9v6gVwXgFlZXJmoj24o4w4bG9v6gVwXgRhYpx3oj24o4w4bG9v6gVwXit3eSoIo4osopxvbitlcF9iYWxlZSoIo4osop3zXiR3cGVuZGVuYgk4O4o4LCJzZWx3YgRfbXVsdG3wbGU4O4owo4w46WlhZiVfbXVsdG3wbGU4O4owo4w4ciFiZV9pdWxsXgBhdG54O4owo4w4bG9v6gVwXiR3cGVuZGVuYg3f6iVmoj24o4w4cGF06F90bl9lcGxvYWQ4O4o4LCJlcGxvYWRfdH3wZSoIo4osonRvbix06XA4O4o4LCJ2ZWxwdGVadCoIo4osonBsYWN36G9sZGVyoj24o4w4YXR0cp34dXR3oj24o4w4ZXh0ZWmkXiNsYXNzoj24o4w4cHJ3Zp3aoj24o4w4cgVp6X54O4o4LCJzdHJfcHJ3Zp3aoj24o4w4dpFsXgRmcGU4O4JzdHo4fX0seyJjbGFzcyoIonVzZXJzo4w4Zp33bGQ4O4J3bnRyeV94eSosopFs6WFzoj24dGJfdXN3cnM4LCJsYWJ3bCoIokVudHJmoEJmo4w4bGFuZgVhZiU4O3tdLCJyZXFl6XJ3ZCoIojA4LCJi6WVgoj24MSosonRmcGU4O4J0ZXh0o4w4YWRkoj24MSosopVk6XQ4O4oxo4w4ciVhcpN2oj24MSosonN1epU4O4JzcGFuMTo4LCJzbgJ0bG3zdCoIMTYsopZvcplfZgJvdXA4O4o4LCJ1bnBldF9ncp9lcCoIWl0sop9wdG3vb4oIeyJvcHRfdH3wZSoIo4osopxvbitlcF9xdWVyeSoIo4osopxvbitlcF90YWJsZSoIo4osopxvbitlcF9rZXk4O4o4LCJsbi9rdXBfdpFsdWU4O4o4LCJ1cl9kZXB3bpR3bpNmoj24o4w4ciVsZWN0XillbHR1cGx3oj24MCosop3tYWd3XillbHR1cGx3oj24MCosonNhdpVfZnVsbF9wYXR2oj24MCosopxvbitlcF9kZXB3bpR3bpNmXit3eSoIo4osonBhdGhfdG9fdXBsbiFkoj24o4w4dXBsbiFkXgRmcGU4O4o4LCJ0bi9sdG3woj24o4w46GVscHR3eHQ4O4o4LCJwbGFjZWhvbGR3c4oIo4osopF0dHJ1YnV0ZSoIo4osopVadGVuZF9jbGFzcyoIo4osonByZWZ1eCoIo4osonNlZp3aoj24o4w4cgRyXgByZWZ1eCoIo4osonZhbF90eXB3oj24cgRyonl9XX0=', '{"title":{"id":""},"note":{"id":""}}', 0),
(2, 'groups', 'Users Group', 'View All', 'Mango Tm', '2013-07-10 06:45:14', NULL, 'tb_groups', 'group_id', 'core', 'eyJ0YWJsZV9kY4oIonR4XidybgVwcyosonBy6Wlhcn3f6iVmoj246WQ4LCJzcWxfciVsZWN0oj24U0VMRUNUoCBcb3x0dGJfZgJvdXBzLpdybgVwXi3kLFxuXHR0Y39ncp9lcHMubpFtZSxcb3x0dGJfZgJvdXBzLpR3ciNy6XB06W9uLFxuXHR0Y39ncp9lcHMubGViZWxcb3xuXGmGUk9NoHR4XidybgVwcyA4LCJzcWxfdih3cpU4O4o5oFdoRVJFoHR4XidybgVwcymncp9lcF91ZCBJUyBOTlQ5T3VMTCA4LCJzcWxfZgJvdXA4O4o5oCosopZvcplzoj1beyJp6WVsZCoIopdybgVwXi3ko4w4YWx1YXM4O4J0Y39ncp9lcHM4LCJsYWJ3bCoIokdybgVwoE3ko4w4cpVxdW3yZWQ4O4owo4w4dp33dyoIMSw4Zp9ybV9ncp9lcCoIo4osonRmcGU4O4J26WRkZWa4LCJhZGQ4O4oxo4w4ZWR1dCoIojE4LCJzZWFyYi54OjEsonNvcnRs6XN0oj2wLCJz6X13oj24cgBhbjEyo4w4bgB06W9uoj17op9wdF90eXB3oj1udWxsLCJsbi9rdXBfcXV3cnk4OpmlbGwsopxvbitlcF90YWJsZSoIbnVsbCw4bG9v6gVwXit3eSoIbnVsbCw4bG9v6gVwXgZhbHV3oj1udWxsLCJ1cl9kZXB3bpR3bpNmoj1udWxsLCJsbi9rdXBfZGVwZWmkZWmjeV9rZXk4OpmlbGwsonBhdGhfdG9fdXBsbiFkoj24o4w4dXBsbiFkXgRmcGU4OpmlbGx9fSx7opZ1ZWxkoj24bpFtZSosopFs6WFzoj24dGJfZgJvdXBzo4w4bGF4ZWw4O4JOYWl3o4w4cpVxdW3yZWQ4O4JyZXFl6XJ3ZCosonZ1ZXc4OjEsopZvcplfZgJvdXA4O4o4LCJ0eXB3oj24dGVadCosopFkZCoIZpFsciUsopVk6XQ4OpZhbHN3LCJzZWFyYi54OjEsonNvcnRs6XN0oj2xLCJz6X13oj24cgBhbjEyo4w4bgB06W9uoj17op9wdF90eXB3oj1pYWxzZSw4bG9v6gVwXgFlZXJmoj24o4w4bG9v6gVwXgRhYpx3oj24o4w4bG9v6gVwXit3eSoIZpFsciUsopxvbitlcF9iYWxlZSoIZpFsciUsop3zXiR3cGVuZGVuYgk4OpZhbHN3LCJsbi9rdXBfZGVwZWmkZWmjeV9rZXk4OpZhbHN3LCJwYXR2XgRvXgVwbG9hZCoIo4osonVwbG9hZF90eXB3oj1pYWxzZXl9LHs4Zp33bGQ4O4JkZXNjcp3wdG3vb4osopFs6WFzoj24dGJfZgJvdXBzo4w4bGF4ZWw4O4JEZXNjcp3wdG3vb4osonJ3cXV1cpVkoj24MCosonZ1ZXc4OjEsopZvcplfZgJvdXA4O4o4LCJ0eXB3oj24dGVadGFyZWE4LCJhZGQ4O4o4LCJ3ZG30oj24o4w4ciVhcpN2oj2xLCJzbgJ0bG3zdCoIM4w4ci3IZSoIonNwYWaxM4osop9wdG3vb4oIeyJvcHRfdH3wZSoIo4osopxvbitlcF9xdWVyeSoIo4osopxvbitlcF90YWJsZSoIo4osopxvbitlcF9rZXk4O4o4LCJsbi9rdXBfdpFsdWU4O4o4LCJ1cl9kZXB3bpR3bpNmoj24o4w4bG9v6gVwXiR3cGVuZGVuYg3f6iVmoj24o4w4cGF06F90bl9lcGxvYWQ4O4o4LCJlcGxvYWRfdH3wZSoIo4J9fSx7opZ1ZWxkoj24bGViZWw4LCJhbG3hcyoIonR4XidybgVwcyosopxhYpVsoj24TGViZWw4LCJyZXFl6XJ3ZCoIonJ3cXV1cpVko4w4dp33dyoIMSw4Zp9ybV9ncp9lcCoIo4osonRmcGU4O4J0ZXh0XimlbWJ3c4osopFkZCoIZpFsciUsopVk6XQ4OpZhbHN3LCJzZWFyYi54OjEsonNvcnRs6XN0oj2zLCJz6X13oj24cgBhbjEyo4w4bgB06W9uoj17op9wdF90eXB3oj1pYWxzZSw4bG9v6gVwXgFlZXJmoj24o4w4bG9v6gVwXgRhYpx3oj24o4w4bG9v6gVwXit3eSoIZpFsciUsopxvbitlcF9iYWxlZSoIZpFsciUsop3zXiR3cGVuZGVuYgk4OpZhbHN3LCJsbi9rdXBfZGVwZWmkZWmjeV9rZXk4OpZhbHN3LCJwYXR2XgRvXgVwbG9hZCoIo4osonVwbG9hZF90eXB3oj1pYWxzZXl9XSw4ZgJ1ZCoIWgs4Zp33bGQ4O4Jncp9lcF91ZCosopFs6WFzoj24dGJfZgJvdXBzo4w4bGF4ZWw4O4JJRCosonZ1ZXc4OjEsopR3dGF1bCoIMSw4ci9ydGF4bGU4OjEsonN3YXJj6CoIMSw4ZG9gbpxvYWQ4OjEsopZybg13b4oIMSw4di3kdG54O4oxMDA4LCJhbG3nb4oIopx3ZnQ4LCJzbgJ0bG3zdCoIojA4LCJhdHRy6WJldGU4Ons46H3wZXJs6Wmroj17opFjdG3iZSoIMCw4bG3u6yoIo4osonRhcpd3dCoIo39zZWxpo4w46HRtbCoIo4J9LCJ1bWFnZSoIeyJhYgR1dpU4OjAsonBhdG54O4o4LCJz6X13Xg54O4o4LCJz6X13Xgk4O4o4LCJ2dGlsoj24onl9fSx7opZ1ZWxkoj24bpFtZSosopFs6WFzoj24dGJfZgJvdXBzo4w4bGF4ZWw4O4JOYWl3o4w4dp33dyoIMSw4ZGV0YW3soj2xLCJzbgJ0YWJsZSoIMSw4ciVhcpN2oj2xLCJkbgdubG9hZCoIMSw4ZnJvepVuoj2xLCJg6WR06CoIojEwMCosopFs6Wduoj24o4w4ci9ydGx1cgQ4O4oxo4w4YXR0cp34dXR3oj17ophmcGVybG3u6yoIeyJhYgR1dpU4OjAsopx1bps4O4o4LCJ0YXJnZXQ4O4JfciVsZ4osoph0bWw4O4o4fSw46WlhZiU4Ons4YWN06XZ3oj2wLCJwYXR2oj24o4w4ci3IZV9aoj24o4w4ci3IZV9moj24o4w46HRtbCoIo4J9fX0seyJp6WVsZCoIopR3ciNy6XB06W9uo4w4YWx1YXM4O4J0Y39ncp9lcHM4LCJsYWJ3bCoIokR3ciNy6XB06W9uo4w4dp33dyoIMSw4ZGV0YW3soj2xLCJzbgJ0YWJsZSoIMSw4ciVhcpN2oj2xLCJkbgdubG9hZCoIMSw4ZnJvepVuoj2xLCJg6WR06CoIojEwMCosopFs6Wduoj24o4w4ci9ydGx1cgQ4O4oyo4w4YXR0cp34dXR3oj17ophmcGVybG3u6yoIeyJhYgR1dpU4OjAsopx1bps4O4o4LCJ0YXJnZXQ4O4JfciVsZ4osoph0bWw4O4o4fSw46WlhZiU4Ons4YWN06XZ3oj2wLCJwYXR2oj24o4w4ci3IZV9aoj24o4w4ci3IZV9moj24o4w46HRtbCoIo4J9fX0seyJp6WVsZCoIopx3dpVso4w4YWx1YXM4O4J0Y39ncp9lcHM4LCJsYWJ3bCoIokx3dpVso4w4dp33dyoIMSw4ZGV0YW3soj2xLCJzbgJ0YWJsZSoIMSw4ciVhcpN2oj2xLCJkbgdubG9hZCoIMSw4ZnJvepVuoj2xLCJg6WR06CoIojEwMCosopFs6Wduoj24bGVpdCosonNvcnRs6XN0oj24MyosopF0dHJ1YnV0ZSoIeyJ2eXB3cpx1bps4Ons4YWN06XZ3oj2wLCJs6Wmroj24o4w4dGFyZiV0oj24XgN3bGY4LCJ2dGlsoj24on0sop3tYWd3oj17opFjdG3iZSoIMCw4cGF06CoIo4osonN1epVfeCoIo4osonN1epVfeSoIo4osoph0bWw4O4o4fXl9XX0=', '{"title":{"id":""},"note":{"id":""}}', 0),
(11, 'logs', 'Logs', 'Users Activity Log', 'Mango Tm', '2014-04-21 22:59:43', NULL, 'tb_logs', 'auditID', 'core', 'eyJ0YWJsZV9kY4oIonR4XixvZgM4LCJwcp3tYXJmXit3eSoIopFlZG30SUQ4LCJzcWxfciVsZWN0oj24oFNFTEVDVCB0Y39sbidzL425R3JPTSB0Y39sbidzoCosonNxbF9g6GVyZSoIo4BXSEVSRSB0Y39sbidzLpFlZG30SUQ5SVM5Tk9UoEmVTEw4LCJzcWxfZgJvdXA4O4o4LCJncp3koj1beyJp6WVsZCoIopFlZG30SUQ4LCJhbG3hcyoIonR4XixvZgM4LCJsYWmndWFnZSoIWl0sopxhYpVsoj24QXVk6XRJRCosonZ1ZXc4OjAsopR3dGF1bCoIMCw4ci9ydGF4bGU4OjAsonN3YXJj6CoIMSw4ZG9gbpxvYWQ4OjAsopZybg13b4oIMSw4di3kdG54O4oxMDA4LCJhbG3nb4oIopx3ZnQ4LCJzbgJ0bG3zdCoIojo4LCJjbimuoj17onZhbG3koj24MCosopR4oj24o4w46iVmoj24o4w4ZG3zcGxheSoIo4J9LCJhdHRy6WJldGU4Ons46H3wZXJs6Wmroj17opFjdG3iZSoIMSw4bG3u6yoIo4osonRhcpd3dCoIo4osoph0bWw4O4o4fSw46WlhZiU4Ons4YWN06XZ3oj2wLCJwYXR2oj24o4w4ci3IZV9aoj24o4w4ci3IZV9moj24o4w46HRtbCoIo4J9fX0seyJp6WVsZCoIop3wYWRkcpVzcyosopFs6WFzoj24dGJfbG9ncyosopxhbpdlYWd3oj1bXSw4bGF4ZWw4O4JJUHM4LCJi6WVgoj2xLCJkZXRh6Ww4OjEsonNvcnRhYpx3oj2xLCJzZWFyYi54OjEsopRvdimsbiFkoj2xLCJpcp9IZWa4OjEsond1ZHR2oj24MTAwo4w4YWx1Zia4O4JsZWZ0o4w4ci9ydGx1cgQ4O4ozo4w4Yi9ub4oIeyJiYWx1ZCoIojA4LCJkY4oIo4osopt3eSoIo4osopR1cgBsYXk4O4o4fSw4YXR0cp34dXR3oj17ophmcGVybG3u6yoIeyJhYgR1dpU4OjEsopx1bps4O4o4LCJ0YXJnZXQ4O4o4LCJ2dGlsoj24on0sop3tYWd3oj17opFjdG3iZSoIMCw4cGF06CoIo4osonN1epVfeCoIo4osonN1epVfeSoIo4osoph0bWw4O4o4fXl9LHs4Zp33bGQ4O4JlciVyXi3ko4w4YWx1YXM4O4J0Y39sbidzo4w4bGFuZgVhZiU4O3tdLCJsYWJ3bCoIo3VzZXJzo4w4dp33dyoIMSw4ZGV0YW3soj2xLCJzbgJ0YWJsZSoIMSw4ciVhcpN2oj2xLCJkbgdubG9hZCoIMSw4ZnJvepVuoj2xLCJg6WR06CoIojEwMCosopFs6Wduoj24bGVpdCosonNvcnRs6XN0oj24NCosopNvbpa4Ons4dpFs6WQ4O4oxo4w4ZGo4O4J0Y39lciVycyosopt3eSoIop3ko4w4ZG3zcGxheSoIopZ1cnN0XimhbWU4fSw4YXR0cp34dXR3oj17ophmcGVybG3u6yoIeyJhYgR1dpU4OjEsopx1bps4O4o4LCJ0YXJnZXQ4O4o4LCJ2dGlsoj24on0sop3tYWd3oj17opFjdG3iZSoIMCw4cGF06CoIo4osonN1epVfeCoIo4osonN1epVfeSoIo4osoph0bWw4O4o4fXl9LHs4Zp33bGQ4O4JtbiRlbGU4LCJhbG3hcyoIonR4XixvZgM4LCJsYWmndWFnZSoIWl0sopxhYpVsoj24TW9kdWx3o4w4dp33dyoIMSw4ZGV0YW3soj2xLCJzbgJ0YWJsZSoIMSw4ciVhcpN2oj2xLCJkbgdubG9hZCoIMSw4ZnJvepVuoj2xLCJg6WR06CoIojEwMCosopFs6Wduoj24bGVpdCosonNvcnRs6XN0oj24NSosopNvbpa4Ons4dpFs6WQ4O4owo4w4ZGo4O4o4LCJrZXk4O4o4LCJk6XNwbGFmoj24on0sopF0dHJ1YnV0ZSoIeyJ2eXB3cpx1bps4Ons4YWN06XZ3oj2xLCJs6Wmroj24o4w4dGFyZiV0oj24o4w46HRtbCoIo4J9LCJ1bWFnZSoIeyJhYgR1dpU4OjAsonBhdG54O4o4LCJz6X13Xg54O4o4LCJz6X13Xgk4O4o4LCJ2dGlsoj24onl9fSx7opZ1ZWxkoj24dGFz6yosopFs6WFzoj24dGJfbG9ncyosopxhbpdlYWd3oj1bXSw4bGF4ZWw4O4JUYXNro4w4dp33dyoIMSw4ZGV0YW3soj2xLCJzbgJ0YWJsZSoIMSw4ciVhcpN2oj2xLCJkbgdubG9hZCoIMSw4ZnJvepVuoj2xLCJg6WR06CoIojEwMCosopFs6Wduoj24bGVpdCosonNvcnRs6XN0oj24N4osopNvbpa4Ons4dpFs6WQ4O4owo4w4ZGo4O4o4LCJrZXk4O4o4LCJk6XNwbGFmoj24on0sopF0dHJ1YnV0ZSoIeyJ2eXB3cpx1bps4Ons4YWN06XZ3oj2xLCJs6Wmroj24o4w4dGFyZiV0oj24o4w46HRtbCoIo4J9LCJ1bWFnZSoIeyJhYgR1dpU4OjAsonBhdG54O4o4LCJz6X13Xg54O4o4LCJz6X13Xgk4O4o4LCJ2dGlsoj24onl9fSx7opZ1ZWxkoj24bp90ZSosopFs6WFzoj24dGJfbG9ncyosopxhbpdlYWd3oj1bXSw4bGF4ZWw4O4JObgR3o4w4dp33dyoIMCw4ZGV0YW3soj2xLCJzbgJ0YWJsZSoIMSw4ciVhcpN2oj2xLCJkbgdubG9hZCoIMSw4ZnJvepVuoj2xLCJg6WR06CoIojEwMCosopFs6Wduoj24bGVpdCosonNvcnRs6XN0oj24NyosopNvbpa4Ons4dpFs6WQ4O4owo4w4ZGo4O4o4LCJrZXk4O4o4LCJk6XNwbGFmoj24on0sopF0dHJ1YnV0ZSoIeyJ2eXB3cpx1bps4Ons4YWN06XZ3oj2xLCJs6Wmroj24o4w4dGFyZiV0oj24o4w46HRtbCoIo4J9LCJ1bWFnZSoIeyJhYgR1dpU4OjAsonBhdG54O4o4LCJz6X13Xg54O4o4LCJz6X13Xgk4O4o4LCJ2dGlsoj24onl9fSx7opZ1ZWxkoj24bG9nZGF0ZSosopFs6WFzoj24dGJfbG9ncyosopxhbpdlYWd3oj1bXSw4bGF4ZWw4O4JMbidkYXR3o4w4dp33dyoIMCw4ZGV0YW3soj2xLCJzbgJ0YWJsZSoIMSw4ciVhcpN2oj2xLCJkbgdubG9hZCoIMSw4ZnJvepVuoj2xLCJg6WR06CoIojEwMCosopFs6Wduoj24bGVpdCosonNvcnRs6XN0oj24MSosopNvbpa4Ons4dpFs6WQ4O4owo4w4ZGo4O4o4LCJrZXk4O4o4LCJk6XNwbGFmoj24on0sopF0dHJ1YnV0ZSoIeyJ2eXB3cpx1bps4Ons4YWN06XZ3oj2xLCJs6Wmroj24o4w4dGFyZiV0oj24o4w46HRtbCoIo4J9LCJ1bWFnZSoIeyJhYgR1dpU4OjAsonBhdG54O4o4LCJz6X13Xg54O4o4LCJz6X13Xgk4O4o4LCJ2dGlsoj24onl9fV0sopZvcplfYi9sdWluoj2yLCJpbgJtXixheW9ldCoIeyJjbixlbWa4OjosonR1dGx3oj24bG9ncyxzZHNkciQ4LCJpbgJtYXQ4O4Jncp3ko4w4ZG3zcGxheSoIophvcp3Ibim0YWw4fSw4Zp9ybXM4O3t7opZ1ZWxkoj24YXVk6XRJRCosopFs6WFzoj24dGJfbG9ncyosopxhbpdlYWd3oj1bXSw4bGF4ZWw4O4JBdWR1dE3Eo4w4Zp9ybV9ncp9lcCoIMCw4cpVxdW3yZWQ4O4owo4w4dp33dyoIMSw4dH3wZSoIonR3eHQ4LCJhZGQ4OjEsonN1epU4O4owo4w4ZWR1dCoIMSw4ciVhcpN2oj24MSosonNvcnRs6XN0oj2wLCJvcHR1bia4Ons4bgB0XgRmcGU4O4o4LCJsbi9rdXBfcXV3cnk4O4o4LCJsbi9rdXBfdGF4bGU4O4o4LCJsbi9rdXBf6iVmoj24o4w4bG9v6gVwXgZhbHV3oj24o4w46XNfZGVwZWmkZWmjeSoIo4osop3zXillbHR1cGx3oj24o4w4bG9v6gVwXiR3cGVuZGVuYg3f6iVmoj24o4w4cGF06F90bl9lcGxvYWQ4O4o4LCJyZXN1epVfdi3kdG54O4o4LCJyZXN1epVf6GV1Zih0oj24o4w4dXBsbiFkXgRmcGU4O4o4LCJ0bi9sdG3woj24o4w4YXR0cp34dXR3oj24o4w4ZXh0ZWmkXiNsYXNzoj24onl9LHs4Zp33bGQ4O4J1cGFkZHJ3cgM4LCJhbG3hcyoIonR4XixvZgM4LCJsYWmndWFnZSoIWl0sopxhYpVsoj24SXBhZGRyZXNzo4w4Zp9ybV9ncp9lcCoIMCw4cpVxdW3yZWQ4O4owo4w4dp33dyoIMSw4dH3wZSoIonR3eHQ4LCJhZGQ4OjEsonN1epU4O4owo4w4ZWR1dCoIMSw4ciVhcpN2oj24MSosonNvcnRs6XN0oj2xLCJvcHR1bia4Ons4bgB0XgRmcGU4O4o4LCJsbi9rdXBfcXV3cnk4O4o4LCJsbi9rdXBfdGF4bGU4O4o4LCJsbi9rdXBf6iVmoj24o4w4bG9v6gVwXgZhbHV3oj24o4w46XNfZGVwZWmkZWmjeSoIo4osop3zXillbHR1cGx3oj24o4w4bG9v6gVwXiR3cGVuZGVuYg3f6iVmoj24o4w4cGF06F90bl9lcGxvYWQ4O4o4LCJyZXN1epVfdi3kdG54O4o4LCJyZXN1epVf6GV1Zih0oj24o4w4dXBsbiFkXgRmcGU4O4o4LCJ0bi9sdG3woj24o4w4YXR0cp34dXR3oj24o4w4ZXh0ZWmkXiNsYXNzoj24onl9LHs4Zp33bGQ4O4JubgR3o4w4YWx1YXM4O4J0Y39sbidzo4w4bGF4ZWw4O4JObgR3o4w4Zp9ybV9ncp9lcCoIMCw4cpVxdW3yZWQ4O4owo4w4dp33dyoIMSw4dH3wZSoIonR3eHRhcpVhXiVk6XRvc4osopFkZCoIMSw4ZWR1dCoIMSw4ciVhcpN2oj24MSosonN1epU4O4o4LCJzbgJ0bG3zdCoIM4w4bgB06W9uoj17op9wdF90eXB3oj1udWxsLCJsbi9rdXBfcXV3cnk4O4o4LCJsbi9rdXBfdGF4bGU4OpmlbGwsopxvbitlcF9rZXk4OpmlbGwsopxvbitlcF9iYWxlZSoIo4osop3zXiR3cGVuZGVuYgk4OpmlbGwsop3zXillbHR1cGx3oj1udWxsLCJsbi9rdXBfZGVwZWmkZWmjeV9rZXk4OpmlbGwsonBhdGhfdG9fdXBsbiFkoj24o4w4dXBsbiFkXgRmcGU4OpmlbGwsonJ3ci3IZV9g6WR06CoIo4osonJ3ci3IZV92ZW3n6HQ4O4o4LCJ0bi9sdG3woj24o4w4YXR0cp34dXR3oj24o4w4ZXh0ZWmkXiNsYXNzoj24onl9LHs4Zp33bGQ4O4JsbidkYXR3o4w4YWx1YXM4O4J0Y39sbidzo4w4bGFuZgVhZiU4O3tdLCJsYWJ3bCoIokxvZiRhdGU4LCJpbgJtXidybgVwoj2wLCJyZXFl6XJ3ZCoIojA4LCJi6WVgoj2xLCJ0eXB3oj24dGVadF9kYXR3dG3tZSosopFkZCoIMSw4ci3IZSoIojA4LCJ3ZG30oj2xLCJzZWFyYi54O4oxo4w4ci9ydGx1cgQ4OjMsop9wdG3vb4oIeyJvcHRfdH3wZSoIo4osopxvbitlcF9xdWVyeSoIo4osopxvbitlcF90YWJsZSoIo4osopxvbitlcF9rZXk4O4o4LCJsbi9rdXBfdpFsdWU4O4o4LCJ1cl9kZXB3bpR3bpNmoj24o4w46XNfbXVsdG3wbGU4O4o4LCJsbi9rdXBfZGVwZWmkZWmjeV9rZXk4O4o4LCJwYXR2XgRvXgVwbG9hZCoIo4osonJ3ci3IZV9g6WR06CoIo4osonJ3ci3IZV92ZW3n6HQ4O4o4LCJlcGxvYWRfdH3wZSoIo4osonRvbix06XA4O4o4LCJhdHRy6WJldGU4O4o4LCJ3eHR3bpRfYixhcgM4O4o4fX0seyJp6WVsZCoIonVzZXJf6WQ4LCJhbG3hcyoIonR4XixvZgM4LCJsYWJ3bCoIo3VzZXJzo4w4Zp9ybV9ncp9lcCoIMSw4cpVxdW3yZWQ4O4owo4w4dp33dyoIMSw4dH3wZSoIonN3bGVjdCosopFkZCoIMSw4ZWR1dCoIMSw4ciVhcpN2oj24MSosonN1epU4O4o4LCJzbgJ0bG3zdCoINCw4bgB06W9uoj17op9wdF90eXB3oj24ZXh0ZXJuYWw4LCJsbi9rdXBfcXV3cnk4O4o4LCJsbi9rdXBfdGF4bGU4O4J0Y39lciVycyosopxvbitlcF9rZXk4O4J1ZCosopxvbitlcF9iYWxlZSoIopZ1cnN0XimhbWU4LCJ1cl9kZXB3bpR3bpNmoj1udWxsLCJ1cl9tdWx06XBsZSoIbnVsbCw4bG9v6gVwXiR3cGVuZGVuYg3f6iVmoj24o4w4cGF06F90bl9lcGxvYWQ4O4o4LCJlcGxvYWRfdH3wZSoIbnVsbCw4cpVz6X13Xgd1ZHR2oj24o4w4cpVz6X13Xih36Wd2dCoIo4osonRvbix06XA4O4o4LCJhdHRy6WJldGU4O4o4LCJ3eHR3bpRfYixhcgM4O4o4fX0seyJp6WVsZCoIonRhcis4LCJhbG3hcyoIonR4XixvZgM4LCJsYWmndWFnZSoIWl0sopxhYpVsoj24VGFz6yosopZvcplfZgJvdXA4OjEsonJ3cXV1cpVkoj24MCosonZ1ZXc4OjEsonRmcGU4O4J0ZXh0o4w4YWRkoj2xLCJz6X13oj24MCosopVk6XQ4OjEsonN3YXJj6CoIojE4LCJzbgJ0bG3zdCoINSw4bgB06W9uoj17op9wdF90eXB3oj24o4w4bG9v6gVwXgFlZXJmoj24o4w4bG9v6gVwXgRhYpx3oj24o4w4bG9v6gVwXit3eSoIo4osopxvbitlcF9iYWxlZSoIo4osop3zXiR3cGVuZGVuYgk4O4o4LCJ1cl9tdWx06XBsZSoIo4osopxvbitlcF9kZXB3bpR3bpNmXit3eSoIo4osonBhdGhfdG9fdXBsbiFkoj24o4w4cpVz6X13Xgd1ZHR2oj24o4w4cpVz6X13Xih36Wd2dCoIo4osonVwbG9hZF90eXB3oj24o4w4dG9vbHR1cCoIo4osopF0dHJ1YnV0ZSoIo4osopVadGVuZF9jbGFzcyoIo4J9fSx7opZ1ZWxkoj24bW9kdWx3o4w4YWx1YXM4O4J0Y39sbidzo4w4bGFuZgVhZiU4O3tdLCJsYWJ3bCoIoklvZHVsZSosopZvcplfZgJvdXA4OjEsonJ3cXV1cpVkoj24MCosonZ1ZXc4OjEsonRmcGU4O4J0ZXh0o4w4YWRkoj2xLCJz6X13oj24MCosopVk6XQ4OjEsonN3YXJj6CoIojE4LCJzbgJ0bG3zdCoIN4w4bgB06W9uoj17op9wdF90eXB3oj24o4w4bG9v6gVwXgFlZXJmoj24o4w4bG9v6gVwXgRhYpx3oj24o4w4bG9v6gVwXit3eSoIo4osopxvbitlcF9iYWxlZSoIo4osop3zXiR3cGVuZGVuYgk4O4o4LCJ1cl9tdWx06XBsZSoIo4osopxvbitlcF9kZXB3bpR3bpNmXit3eSoIo4osonBhdGhfdG9fdXBsbiFkoj24o4w4cpVz6X13Xgd1ZHR2oj24o4w4cpVz6X13Xih36Wd2dCoIo4osonVwbG9hZF90eXB3oj24o4w4dG9vbHR1cCoIo4osopF0dHJ1YnV0ZSoIo4osopVadGVuZF9jbGFzcyoIo4J9fVl9', NULL, 0);
INSERT INTO `tb_module` (`module_id`, `module_name`, `module_title`, `module_note`, `module_author`, `module_created`, `module_desc`, `module_db`, `module_db_key`, `module_type`, `module_config`, `module_lang`, `application_id`) VALUES
(22, 'customer', 'Customer', 'dfd', NULL, '2017-08-08 16:09:21', NULL, 'affiliateuser', 'Id', 'addon', 'eyJzcWxfciVsZWN0oj24oFNFTEVDVCBhZpZ1bG3hdGVlciVyL425R3JPTSBhZpZ1bG3hdGVlciVyoCosonNxbF9g6GVyZSoIo4BXSEVSRSBhZpZ1bG3hdGVlciVyLk3koE3ToEmPVCBOVUxMo4w4cgFsXidybgVwoj24o4w4cgFsXi9yZGVyoj24oE9SREVSoEJZoGFpZp3s6WF0ZXVzZXouSWQ5QVNDo4w4dGF4bGVfZGo4O4JhZpZ1bG3hdGVlciVyo4w4cHJ1bWFyeV9rZXk4O4JJZCosopdy6WQ4O3t7opNsYXNzoj24YgVzdG9tZXo4LCJp6WVsZCoIok3ko4w4YWx1YXM4O4JhZpZ1bG3hdGVlciVyo4w4bGF4ZWw4O4JJZCosopxhbpdlYWd3oj1bXSw4ciVhcpN2oj24MSosopRvdimsbiFkoj24MSosopFw6SoIMSw4YWx1Zia4O4JsZWZ0o4w4dp33dyoIojE4LCJkZXRh6Ww4O4oxo4w4ci9ydGF4bGU4O4oxo4w4ZnJvepVuoj24MCosoph1ZGR3b4oIojA4LCJzbgJ0bG3zdCoIMCw4di3kdG54O4JhdXRvo4w4Yi9ub4oIeyJiYWx1ZCoIojA4LCJkY4oIo4osopt3eSoIo4osopR1cgBsYXk4O4o4fSw4Zp9ybWF0XiFzoj24o4w4Zp9ybWF0XgZhbHV3oj24on0seyJjbGFzcyoIopNlcgRvbWVyo4w4Zp33bGQ4O4JlciVybpFtZSosopFs6WFzoj24YWZp6Wx1YXR3dXN3c4osopxhYpVsoj24VXN3cpmhbWU4LCJsYWmndWFnZSoIWl0sonN3YXJj6CoIojE4LCJkbgdubG9hZCoIojE4LCJhcGk4OjEsopFs6Wduoj24bGVpdCosonZ1ZXc4O4oxo4w4ZGV0YW3soj24MSosonNvcnRhYpx3oj24MSosopZybg13b4oIojA4LCJ26WRkZWa4O4owo4w4ci9ydGx1cgQ4OjEsond1ZHR2oj24YXV0byosopNvbpa4Ons4dpFs6WQ4O4owo4w4ZGo4O4o4LCJrZXk4O4o4LCJk6XNwbGFmoj24on0sopZvcplhdF9hcyoIo4osopZvcplhdF9iYWxlZSoIo4J9LHs4YixhcgM4O4JjdXN0bil3c4osopZ1ZWxkoj24cGFzcgdvcpQ4LCJhbG3hcyoIopFpZp3s6WF0ZXVzZXo4LCJsYWJ3bCoIo3BhcgNgbgJko4w4bGFuZgVhZiU4O3tdLCJzZWFyYi54O4oxo4w4ZG9gbpxvYWQ4O4oxo4w4YXB1oj2xLCJhbG3nb4oIopx3ZnQ4LCJi6WVgoj24MSosopR3dGF1bCoIojE4LCJzbgJ0YWJsZSoIojE4LCJpcp9IZWa4O4owo4w46G3kZGVuoj24MCosonNvcnRs6XN0oj2yLCJg6WR06CoIopFldG84LCJjbimuoj17onZhbG3koj24MCosopR4oj24o4w46iVmoj24o4w4ZG3zcGxheSoIo4J9LCJpbgJtYXRfYXM4O4o4LCJpbgJtYXRfdpFsdWU4O4o4fSx7opNsYXNzoj24YgVzdG9tZXo4LCJp6WVsZCoIopZuYWl3o4w4YWx1YXM4O4JhZpZ1bG3hdGVlciVyo4w4bGF4ZWw4O4JGbpFtZSosopxhbpdlYWd3oj1bXSw4ciVhcpN2oj24MSosopRvdimsbiFkoj24MSosopFw6SoIMSw4YWx1Zia4O4JsZWZ0o4w4dp33dyoIojE4LCJkZXRh6Ww4O4oxo4w4ci9ydGF4bGU4O4oxo4w4ZnJvepVuoj24MCosoph1ZGR3b4oIojA4LCJzbgJ0bG3zdCoIMyw4di3kdG54O4JhdXRvo4w4Yi9ub4oIeyJiYWx1ZCoIojA4LCJkY4oIo4osopt3eSoIo4osopR1cgBsYXk4O4o4fSw4Zp9ybWF0XiFzoj24o4w4Zp9ybWF0XgZhbHV3oj24on0seyJjbGFzcyoIopNlcgRvbWVyo4w4Zp33bGQ4O4JhZGRyZXNzo4w4YWx1YXM4O4JhZpZ1bG3hdGVlciVyo4w4bGF4ZWw4O4JBZGRyZXNzo4w4bGFuZgVhZiU4O3tdLCJzZWFyYi54O4oxo4w4ZG9gbpxvYWQ4O4oxo4w4YXB1oj2xLCJhbG3nb4oIopx3ZnQ4LCJi6WVgoj24MSosopR3dGF1bCoIojE4LCJzbgJ0YWJsZSoIojE4LCJpcp9IZWa4O4owo4w46G3kZGVuoj24MCosonNvcnRs6XN0oj20LCJg6WR06CoIopFldG84LCJjbimuoj17onZhbG3koj24MCosopR4oj24o4w46iVmoj24o4w4ZG3zcGxheSoIo4J9LCJpbgJtYXRfYXM4O4o4LCJpbgJtYXRfdpFsdWU4O4o4fSx7opNsYXNzoj24YgVzdG9tZXo4LCJp6WVsZCoIopVtYW3so4w4YWx1YXM4O4JhZpZ1bG3hdGVlciVyo4w4bGF4ZWw4O4JFbWF1bCosopxhbpdlYWd3oj1bXSw4ciVhcpN2oj24MSosopRvdimsbiFkoj24MSosopFw6SoIMSw4YWx1Zia4O4JsZWZ0o4w4dp33dyoIojE4LCJkZXRh6Ww4O4oxo4w4ci9ydGF4bGU4O4oxo4w4ZnJvepVuoj24MCosoph1ZGR3b4oIojA4LCJzbgJ0bG3zdCoINSw4di3kdG54O4JhdXRvo4w4Yi9ub4oIeyJiYWx1ZCoIojA4LCJkY4oIo4osopt3eSoIo4osopR1cgBsYXk4O4o4fSw4Zp9ybWF0XiFzoj24o4w4Zp9ybWF0XgZhbHV3oj24on0seyJjbGFzcyoIopNlcgRvbWVyo4w4Zp33bGQ4O4JyZWZ3cpVkYnk4LCJhbG3hcyoIopFpZp3s6WF0ZXVzZXo4LCJsYWJ3bCoIo3J3ZpVyZWR4eSosopxhbpdlYWd3oj1bXSw4ciVhcpN2oj24MSosopRvdimsbiFkoj24MSosopFw6SoIMSw4YWx1Zia4O4JsZWZ0o4w4dp33dyoIojE4LCJkZXRh6Ww4O4oxo4w4ci9ydGF4bGU4O4oxo4w4ZnJvepVuoj24MCosoph1ZGR3b4oIojA4LCJzbgJ0bG3zdCoIN4w4di3kdG54O4JhdXRvo4w4Yi9ub4oIeyJiYWx1ZCoIojA4LCJkY4oIo4osopt3eSoIo4osopR1cgBsYXk4O4o4fSw4Zp9ybWF0XiFzoj24o4w4Zp9ybWF0XgZhbHV3oj24on0seyJjbGFzcyoIopNlcgRvbWVyo4w4Zp33bGQ4O4J1cGFkZHJ3cgM4LCJhbG3hcyoIopFpZp3s6WF0ZXVzZXo4LCJsYWJ3bCoIok3wYWRkcpVzcyosopxhbpdlYWd3oj1bXSw4ciVhcpN2oj24MSosopRvdimsbiFkoj24MSosopFw6SoIMSw4YWx1Zia4O4JsZWZ0o4w4dp33dyoIojE4LCJkZXRh6Ww4O4oxo4w4ci9ydGF4bGU4O4oxo4w4ZnJvepVuoj24MCosoph1ZGR3b4oIojA4LCJzbgJ0bG3zdCoINyw4di3kdG54O4JhdXRvo4w4Yi9ub4oIeyJiYWx1ZCoIojA4LCJkY4oIo4osopt3eSoIo4osopR1cgBsYXk4O4o4fSw4Zp9ybWF0XiFzoj24o4w4Zp9ybWF0XgZhbHV3oj24on0seyJjbGFzcyoIopNlcgRvbWVyo4w4Zp33bGQ4O4JtbiJ1bGU4LCJhbG3hcyoIopFpZp3s6WF0ZXVzZXo4LCJsYWJ3bCoIoklvYp3sZSosopxhbpdlYWd3oj1bXSw4ciVhcpN2oj24MSosopRvdimsbiFkoj24MSosopFw6SoIMSw4YWx1Zia4O4JsZWZ0o4w4dp33dyoIojE4LCJkZXRh6Ww4O4oxo4w4ci9ydGF4bGU4O4oxo4w4ZnJvepVuoj24MCosoph1ZGR3b4oIojA4LCJzbgJ0bG3zdCoIOCw4di3kdG54O4JhdXRvo4w4Yi9ub4oIeyJiYWx1ZCoIojA4LCJkY4oIo4osopt3eSoIo4osopR1cgBsYXk4O4o4fSw4Zp9ybWF0XiFzoj24o4w4Zp9ybWF0XgZhbHV3oj24on0seyJjbGFzcyoIopNlcgRvbWVyo4w4Zp33bGQ4O4JhYgR1dpU4LCJhbG3hcyoIopFpZp3s6WF0ZXVzZXo4LCJsYWJ3bCoIokFjdG3iZSosopxhbpdlYWd3oj1bXSw4ciVhcpN2oj24MSosopRvdimsbiFkoj24MSosopFw6SoIMSw4YWx1Zia4O4JsZWZ0o4w4dp33dyoIojE4LCJkZXRh6Ww4O4oxo4w4ci9ydGF4bGU4O4oxo4w4ZnJvepVuoj24MCosoph1ZGR3b4oIojA4LCJzbgJ0bG3zdCoIOSw4di3kdG54O4JhdXRvo4w4Yi9ub4oIeyJiYWx1ZCoIojA4LCJkY4oIo4osopt3eSoIo4osopR1cgBsYXk4O4o4fSw4Zp9ybWF0XiFzoj24o4w4Zp9ybWF0XgZhbHV3oj24on0seyJjbGFzcyoIopNlcgRvbWVyo4w4Zp33bGQ4O4Jkbi24LCJhbG3hcyoIopFpZp3s6WF0ZXVzZXo4LCJsYWJ3bCoIokRv64osopxhbpdlYWd3oj1bXSw4ciVhcpN2oj24MSosopRvdimsbiFkoj24MSosopFw6SoIMSw4YWx1Zia4O4JsZWZ0o4w4dp33dyoIojE4LCJkZXRh6Ww4O4oxo4w4ci9ydGF4bGU4O4oxo4w4ZnJvepVuoj24MCosoph1ZGR3b4oIojA4LCJzbgJ0bG3zdCoIMTAsond1ZHR2oj24YXV0byosopNvbpa4Ons4dpFs6WQ4O4owo4w4ZGo4O4o4LCJrZXk4O4o4LCJk6XNwbGFmoj24on0sopZvcplhdF9hcyoIo4osopZvcplhdF9iYWxlZSoIo4J9LHs4YixhcgM4O4JjdXN0bil3c4osopZ1ZWxkoj24Yi9lbnRyeSosopFs6WFzoj24YWZp6Wx1YXR3dXN3c4osopxhYpVsoj24Qi9lbnRyeSosopxhbpdlYWd3oj1bXSw4ciVhcpN2oj24MSosopRvdimsbiFkoj24MSosopFw6SoIMSw4YWx1Zia4O4JsZWZ0o4w4dp33dyoIojE4LCJkZXRh6Ww4O4oxo4w4ci9ydGF4bGU4O4oxo4w4ZnJvepVuoj24MCosoph1ZGR3b4oIojA4LCJzbgJ0bG3zdCoIMTEsond1ZHR2oj24YXV0byosopNvbpa4Ons4dpFs6WQ4O4owo4w4ZGo4O4o4LCJrZXk4O4o4LCJk6XNwbGFmoj24on0sopZvcplhdF9hcyoIo4osopZvcplhdF9iYWxlZSoIo4J9LHs4YixhcgM4O4JjdXN0bil3c4osopZ1ZWxkoj24dGFtbgVudCosopFs6WFzoj24YWZp6Wx1YXR3dXN3c4osopxhYpVsoj24VGFtbgVudCosopxhbpdlYWd3oj1bXSw4ciVhcpN2oj24MSosopRvdimsbiFkoj24MSosopFw6SoIMSw4YWx1Zia4O4JsZWZ0o4w4dp33dyoIojE4LCJkZXRh6Ww4O4oxo4w4ci9ydGF4bGU4O4oxo4w4ZnJvepVuoj24MCosoph1ZGR3b4oIojA4LCJzbgJ0bG3zdCoIMTosond1ZHR2oj24YXV0byosopNvbpa4Ons4dpFs6WQ4O4owo4w4ZGo4O4o4LCJrZXk4O4o4LCJk6XNwbGFmoj24on0sopZvcplhdF9hcyoIo4osopZvcplhdF9iYWxlZSoIo4J9LHs4YixhcgM4O4JjdXN0bil3c4osopZ1ZWxkoj24cGFmbWVudCosopFs6WFzoj24YWZp6Wx1YXR3dXN3c4osopxhYpVsoj24UGFmbWVudCosopxhbpdlYWd3oj1bXSw4ciVhcpN2oj24MSosopRvdimsbiFkoj24MSosopFw6SoIMSw4YWx1Zia4O4JsZWZ0o4w4dp33dyoIojE4LCJkZXRh6Ww4O4oxo4w4ci9ydGF4bGU4O4oxo4w4ZnJvepVuoj24MCosoph1ZGR3b4oIojA4LCJzbgJ0bG3zdCoIMTMsond1ZHR2oj24YXV0byosopNvbpa4Ons4dpFs6WQ4O4owo4w4ZGo4O4o4LCJrZXk4O4o4LCJk6XNwbGFmoj24on0sopZvcplhdF9hcyoIo4osopZvcplhdF9iYWxlZSoIo4J9LHs4YixhcgM4O4JjdXN0bil3c4osopZ1ZWxkoj24ci3nbnVwYi9kZSosopFs6WFzoj24YWZp6Wx1YXR3dXN3c4osopxhYpVsoj24Ui3nbnVwYi9kZSosopxhbpdlYWd3oj1bXSw4ciVhcpN2oj24MSosopRvdimsbiFkoj24MSosopFw6SoIMSw4YWx1Zia4O4JsZWZ0o4w4dp33dyoIojE4LCJkZXRh6Ww4O4oxo4w4ci9ydGF4bGU4O4oxo4w4ZnJvepVuoj24MCosoph1ZGR3b4oIojA4LCJzbgJ0bG3zdCoIMTQsond1ZHR2oj24YXV0byosopNvbpa4Ons4dpFs6WQ4O4owo4w4ZGo4O4o4LCJrZXk4O4o4LCJk6XNwbGFmoj24on0sopZvcplhdF9hcyoIo4osopZvcplhdF9iYWxlZSoIo4J9LHs4YixhcgM4O4JjdXN0bil3c4osopZ1ZWxkoj24bGViZWw4LCJhbG3hcyoIopFpZp3s6WF0ZXVzZXo4LCJsYWJ3bCoIokx3dpVso4w4bGFuZgVhZiU4O3tdLCJzZWFyYi54O4oxo4w4ZG9gbpxvYWQ4O4oxo4w4YXB1oj2xLCJhbG3nb4oIopx3ZnQ4LCJi6WVgoj24MSosopR3dGF1bCoIojE4LCJzbgJ0YWJsZSoIojE4LCJpcp9IZWa4O4owo4w46G3kZGVuoj24MCosonNvcnRs6XN0oj2xNSw4di3kdG54O4JhdXRvo4w4Yi9ub4oIeyJiYWx1ZCoIojA4LCJkY4oIo4osopt3eSoIo4osopR1cgBsYXk4O4o4fSw4Zp9ybWF0XiFzoj24o4w4Zp9ybWF0XgZhbHV3oj24on0seyJjbGFzcyoIopNlcgRvbWVyo4w4Zp33bGQ4O4JwYit0YWt3b4osopFs6WFzoj24YWZp6Wx1YXR3dXN3c4osopxhYpVsoj24UGNrdGFrZWa4LCJsYWmndWFnZSoIWl0sonN3YXJj6CoIojE4LCJkbgdubG9hZCoIojE4LCJhcGk4OjEsopFs6Wduoj24bGVpdCosonZ1ZXc4O4oxo4w4ZGV0YW3soj24MSosonNvcnRhYpx3oj24MSosopZybg13b4oIojA4LCJ26WRkZWa4O4owo4w4ci9ydGx1cgQ4OjEiLCJg6WR06CoIopFldG84LCJjbimuoj17onZhbG3koj24MCosopR4oj24o4w46iVmoj24o4w4ZG3zcGxheSoIo4J9LCJpbgJtYXRfYXM4O4o4LCJpbgJtYXRfdpFsdWU4O4o4fSx7opNsYXNzoj24YgVzdG9tZXo4LCJp6WVsZCoIopxhdWmj6CosopFs6WFzoj24YWZp6Wx1YXR3dXN3c4osopxhYpVsoj24TGFlbpN2o4w4bGFuZgVhZiU4O3tdLCJzZWFyYi54O4oxo4w4ZG9gbpxvYWQ4O4oxo4w4YXB1oj2xLCJhbG3nb4oIopx3ZnQ4LCJi6WVgoj24MSosopR3dGF1bCoIojE4LCJzbgJ0YWJsZSoIojE4LCJpcp9IZWa4O4owo4w46G3kZGVuoj24MCosonNvcnRs6XN0oj2xNyw4di3kdG54O4JhdXRvo4w4Yi9ub4oIeyJiYWx1ZCoIojA4LCJkY4oIo4osopt3eSoIo4osopR1cgBsYXk4O4o4fSw4Zp9ybWF0XiFzoj24o4w4Zp9ybWF0XgZhbHV3oj24on0seyJjbGFzcyoIopNlcgRvbWVyo4w4Zp33bGQ4O4J3eHB1cnk4LCJhbG3hcyoIopFpZp3s6WF0ZXVzZXo4LCJsYWJ3bCoIokVacG3yeSosopxhbpdlYWd3oj1bXSw4ciVhcpN2oj24MSosopRvdimsbiFkoj24MSosopFw6SoIMSw4YWx1Zia4O4JsZWZ0o4w4dp33dyoIojE4LCJkZXRh6Ww4O4oxo4w4ci9ydGF4bGU4O4oxo4w4ZnJvepVuoj24MCosoph1ZGR3b4oIojA4LCJzbgJ0bG3zdCoIMT5sond1ZHR2oj24YXV0byosopNvbpa4Ons4dpFs6WQ4O4owo4w4ZGo4O4o4LCJrZXk4O4o4LCJk6XNwbGFmoj24on0sopZvcplhdF9hcyoIo4osopZvcplhdF9iYWxlZSoIo4J9LHs4YixhcgM4O4JjdXN0bil3c4osopZ1ZWxkoj24YpFu6imhbWU4LCJhbG3hcyoIopFpZp3s6WF0ZXVzZXo4LCJsYWJ3bCoIokJhbptuYWl3o4w4bGFuZgVhZiU4O3tdLCJzZWFyYi54O4oxo4w4ZG9gbpxvYWQ4O4oxo4w4YXB1oj2xLCJhbG3nb4oIopx3ZnQ4LCJi6WVgoj24MSosopR3dGF1bCoIojE4LCJzbgJ0YWJsZSoIojE4LCJpcp9IZWa4O4owo4w46G3kZGVuoj24MCosonNvcnRs6XN0oj2xOSw4di3kdG54O4JhdXRvo4w4Yi9ub4oIeyJiYWx1ZCoIojA4LCJkY4oIo4osopt3eSoIo4osopR1cgBsYXk4O4o4fSw4Zp9ybWF0XiFzoj24o4w4Zp9ybWF0XgZhbHV3oj24on0seyJjbGFzcyoIopNlcgRvbWVyo4w4Zp33bGQ4O4JhYiNvdWm0bpFtZSosopFs6WFzoj24YWZp6Wx1YXR3dXN3c4osopxhYpVsoj24QWNjbgVudGmhbWU4LCJsYWmndWFnZSoIWl0sonN3YXJj6CoIojE4LCJkbgdubG9hZCoIojE4LCJhcGk4OjEsopFs6Wduoj24bGVpdCosonZ1ZXc4O4oxo4w4ZGV0YW3soj24MSosonNvcnRhYpx3oj24MSosopZybg13b4oIojA4LCJ26WRkZWa4O4owo4w4ci9ydGx1cgQ4OjowLCJg6WR06CoIopFldG84LCJjbimuoj17onZhbG3koj24MCosopR4oj24o4w46iVmoj24o4w4ZG3zcGxheSoIo4J9LCJpbgJtYXRfYXM4O4o4LCJpbgJtYXRfdpFsdWU4O4o4fSx7opNsYXNzoj24YgVzdG9tZXo4LCJp6WVsZCoIopFjYi9lbnRubyosopFs6WFzoj24YWZp6Wx1YXR3dXN3c4osopxhYpVsoj24QWNjbgVudGmvo4w4bGFuZgVhZiU4O3tdLCJzZWFyYi54O4oxo4w4ZG9gbpxvYWQ4O4oxo4w4YXB1oj2xLCJhbG3nb4oIopx3ZnQ4LCJi6WVgoj24MSosopR3dGF1bCoIojE4LCJzbgJ0YWJsZSoIojE4LCJpcp9IZWa4O4owo4w46G3kZGVuoj24MCosonNvcnRs6XN0oj2yMSw4di3kdG54O4JhdXRvo4w4Yi9ub4oIeyJiYWx1ZCoIojA4LCJkY4oIo4osopt3eSoIo4osopR1cgBsYXk4O4o4fSw4Zp9ybWF0XiFzoj24o4w4Zp9ybWF0XgZhbHV3oj24on0seyJjbGFzcyoIopNlcgRvbWVyo4w4Zp33bGQ4O4JhYiNvdWm0dH3wZSosopFs6WFzoj24YWZp6Wx1YXR3dXN3c4osopxhYpVsoj24QWNjbgVudHRmcGU4LCJsYWmndWFnZSoIWl0sonN3YXJj6CoIojE4LCJkbgdubG9hZCoIojE4LCJhcGk4OjEsopFs6Wduoj24bGVpdCosonZ1ZXc4O4oxo4w4ZGV0YW3soj24MSosonNvcnRhYpx3oj24MSosopZybg13b4oIojA4LCJ26WRkZWa4O4owo4w4ci9ydGx1cgQ4OjoyLCJg6WR06CoIopFldG84LCJjbimuoj17onZhbG3koj24MCosopR4oj24o4w46iVmoj24o4w4ZG3zcGxheSoIo4J9LCJpbgJtYXRfYXM4O4o4LCJpbgJtYXRfdpFsdWU4O4o4fSx7opNsYXNzoj24YgVzdG9tZXo4LCJp6WVsZCoIop3pciNjbiR3o4w4YWx1YXM4O4JhZpZ1bG3hdGVlciVyo4w4bGF4ZWw4O4JJZnNjYi9kZSosopxhbpdlYWd3oj1bXSw4ciVhcpN2oj24MSosopRvdimsbiFkoj24MSosopFw6SoIMSw4YWx1Zia4O4JsZWZ0o4w4dp33dyoIojE4LCJkZXRh6Ww4O4oxo4w4ci9ydGF4bGU4O4oxo4w4ZnJvepVuoj24MCosoph1ZGR3b4oIojA4LCJzbgJ0bG3zdCoIMjMsond1ZHR2oj24YXV0byosopNvbpa4Ons4dpFs6WQ4O4owo4w4ZGo4O4o4LCJrZXk4O4o4LCJk6XNwbGFmoj24on0sopZvcplhdF9hcyoIo4osopZvcplhdF9iYWxlZSoIo4J9LHs4YixhcgM4O4JjdXN0bil3c4osopZ1ZWxkoj24ZiV0cGFmbWVudCosopFs6WFzoj24YWZp6Wx1YXR3dXN3c4osopxhYpVsoj24RiV0cGFmbWVudCosopxhbpdlYWd3oj1bXSw4ciVhcpN2oj24MSosopRvdimsbiFkoj24MSosopFw6SoIMSw4YWx1Zia4O4JsZWZ0o4w4dp33dyoIojE4LCJkZXRh6Ww4O4oxo4w4ci9ydGF4bGU4O4oxo4w4ZnJvepVuoj24MCosoph1ZGR3b4oIojA4LCJzbgJ0bG3zdCoIMjQsond1ZHR2oj24YXV0byosopNvbpa4Ons4dpFs6WQ4O4owo4w4ZGo4O4o4LCJrZXk4O4o4LCJk6XNwbGFmoj24on0sopZvcplhdF9hcyoIo4osopZvcplhdF9iYWxlZSoIo4J9LHs4YixhcgM4O4JjdXN0bil3c4osopZ1ZWxkoj24cpVuZXc4LCJhbG3hcyoIopFpZp3s6WF0ZXVzZXo4LCJsYWJ3bCoIo3J3bpVgo4w4bGFuZgVhZiU4O3tdLCJzZWFyYi54O4oxo4w4ZG9gbpxvYWQ4O4oxo4w4YXB1oj2xLCJhbG3nb4oIopx3ZnQ4LCJi6WVgoj24MSosopR3dGF1bCoIojE4LCJzbgJ0YWJsZSoIojE4LCJpcp9IZWa4O4owo4w46G3kZGVuoj24MCosonNvcnRs6XN0oj2yNSw4di3kdG54O4JhdXRvo4w4Yi9ub4oIeyJiYWx1ZCoIojA4LCJkY4oIo4osopt3eSoIo4osopR1cgBsYXk4O4o4fSw4Zp9ybWF0XiFzoj24o4w4Zp9ybWF0XgZhbHV3oj24on0seyJjbGFzcyoIopNlcgRvbWVyo4w4Zp33bGQ4O4JwYX3vZpY4LCJhbG3hcyoIopFpZp3s6WF0ZXVzZXo4LCJsYWJ3bCoIo3BheW9pZ4osopxhbpdlYWd3oj1bXSw4ciVhcpN2oj24MSosopRvdimsbiFkoj24MSosopFw6SoIMSw4YWx1Zia4O4JsZWZ0o4w4dp33dyoIojE4LCJkZXRh6Ww4O4oxo4w4ci9ydGF4bGU4O4oxo4w4ZnJvepVuoj24MCosoph1ZGR3b4oIojA4LCJzbgJ0bG3zdCoIMjYsond1ZHR2oj24YXV0byosopNvbpa4Ons4dpFs6WQ4O4owo4w4ZGo4O4o4LCJrZXk4O4o4LCJk6XNwbGFmoj24on0sopZvcplhdF9hcyoIo4osopZvcplhdF9iYWxlZSoIo4J9XSw4Zp9ybXM4O3t7opNsYXNzoj24YgVzdG9tZXo4LCJp6WVsZCoIok3ko4w4YWx1YXM4O4JhZpZ1bG3hdGVlciVyo4w4bGF4ZWw4O4JJZCosopxhbpdlYWd3oj1bXSw4cpVxdW3yZWQ4O4JyZXFl6XJ3ZCosonZ1ZXc4O4oxo4w4dH3wZSoIonR3eHQ4LCJhZGQ4O4oxo4w4ZWR1dCoIojE4LCJzZWFyYi54O4oxo4w4ci3IZSoIonNwYWaxM4osonNvcnRs6XN0oj2wLCJpbgJtXidybgVwoj24o4w46WmwdXRfZgJvdXA4O3tdLCJvcHR1bia4Ons4bgB0XgRmcGU4O4o4LCJsbi9rdXBfcXV3cnk4O4o4LCJsbi9rdXBfdGF4bGU4O4o4LCJsbi9rdXBf6iVmoj24o4w4bG9v6gVwXgZhbHV3oj24o4w46XNfZGVwZWmkZWmjeSoIo4osonN3bGVjdF9tdWx06XBsZSoIojA4LCJ1bWFnZV9tdWx06XBsZSoIojA4LCJzYXZ3XiZlbGxfcGF06CoIojA4LCJzYXZ3Xi9y6Wd1bpFsXi3tYWd3oj24MCosopxvbitlcF9kZXB3bpR3bpNmXit3eSoIo4osonBhdGhfdG9fdXBsbiFkoj24o4w4cgV4XiZvbGR3cpmhbWU4O4o4LCJlcGxvYWRfdH3wZSoIo4osonRvbix06XA4O4o4LCJ2ZWxwdGVadCoIo4osonBsYWN36G9sZGVyoj24o4w4YXR0cp34dXR3oj24o4w4ZXh0ZWmkXiNsYXNzoj24o4w4cHJ3Zp3aoj24o4w4cgVp6X54O4o4LCJzdHJfcHJ3Zp3aoj24o4w4dpFsXgRmcGU4O4JzdHo4fX0seyJjbGFzcyoIopNlcgRvbWVyo4w4Zp33bGQ4O4JlciVybpFtZSosopFs6WFzoj24YWZp6Wx1YXR3dXN3c4osopxhYpVsoj24VXN3cpmhbWU4LCJsYWmndWFnZSoIWl0sonJ3cXV1cpVkoj24MCosonZ1ZXc4O4oxo4w4dH3wZSoIoph1ZGR3b4osopFkZCoIojE4LCJ3ZG30oj24MSosonN3YXJj6CoIojE4LCJz6X13oj24cgBhbjEyo4w4ci9ydGx1cgQ4OjEsopZvcplfZgJvdXA4O4o4LCJ1bnBldF9ncp9lcCoIWl0sop9wdG3vb4oIeyJvcHRfdH3wZSoIo4osopxvbitlcF9xdWVyeSoIo4osopxvbitlcF90YWJsZSoIo4osopxvbitlcF9rZXk4O4o4LCJsbi9rdXBfdpFsdWU4O4o4LCJ1cl9kZXB3bpR3bpNmoj24o4w4ciVsZWN0XillbHR1cGx3oj24MCosop3tYWd3XillbHR1cGx3oj24MCosonNhdpVfZnVsbF9wYXR2oj24MCosonNhdpVfbgJ1Zi3uYWxf6WlhZiU4O4owo4w4bG9v6gVwXiR3cGVuZGVuYg3f6iVmoj24o4w4cGF06F90bl9lcGxvYWQ4O4o4LCJzdWJfZp9sZGVybpFtZSoIo4osonVwbG9hZF90eXB3oj24o4w4dG9vbHR1cCoIo4osoph3bHB0ZXh0oj24o4w4cGxhYiV2bixkZXo4O4o4LCJhdHRy6WJldGU4O4o4LCJ3eHR3bpRfYixhcgM4O4o4LCJwcpVp6X54O4o4LCJzdWZ1eCoIo4osonN0c39wcpVp6X54O4o4LCJiYWxfdH3wZSoIonN0c4J9fSx7opNsYXNzoj24YgVzdG9tZXo4LCJp6WVsZCoIonBhcgNgbgJko4w4YWx1YXM4O4JhZpZ1bG3hdGVlciVyo4w4bGF4ZWw4O4JQYXNzdi9yZCosopxhbpdlYWd3oj1bXSw4cpVxdW3yZWQ4O4JyZXFl6XJ3ZCosonZ1ZXc4O4oxo4w4dH3wZSoIonR3eHRhcpVho4w4YWRkoj24MSosopVk6XQ4O4oxo4w4ciVhcpN2oj24MSosonN1epU4O4JzcGFuMTo4LCJzbgJ0bG3zdCoIM4w4Zp9ybV9ncp9lcCoIo4osop3ucHV0XidybgVwoj1bXSw4bgB06W9uoj17op9wdF90eXB3oj24o4w4bG9v6gVwXgFlZXJmoj24o4w4bG9v6gVwXgRhYpx3oj24o4w4bG9v6gVwXit3eSoIo4osopxvbitlcF9iYWxlZSoIo4osop3zXiR3cGVuZGVuYgk4O4o4LCJzZWx3YgRfbXVsdG3wbGU4O4owo4w46WlhZiVfbXVsdG3wbGU4O4owo4w4ciFiZV9pdWxsXgBhdG54O4owo4w4ciFiZV9vcp3n6WmhbF91bWFnZSoIojA4LCJsbi9rdXBfZGVwZWmkZWmjeV9rZXk4O4o4LCJwYXR2XgRvXgVwbG9hZCoIo4osonNlY39pbixkZXJuYWl3oj24o4w4dXBsbiFkXgRmcGU4O4o4LCJ0bi9sdG3woj24o4w46GVscHR3eHQ4O4o4LCJwbGFjZWhvbGR3c4oIo4osopF0dHJ1YnV0ZSoIo4osopVadGVuZF9jbGFzcyoIo4osonByZWZ1eCoIo4osonNlZp3aoj24o4w4cgRyXgByZWZ1eCoIo4osonZhbF90eXB3oj24cgRyonl9LHs4YixhcgM4O4JjdXN0bil3c4osopZ1ZWxkoj24ZpmhbWU4LCJhbG3hcyoIopFpZp3s6WF0ZXVzZXo4LCJsYWJ3bCoIokZuYWl3o4w4bGFuZgVhZiU4O3tdLCJyZXFl6XJ3ZCoIonJ3cXV1cpVko4w4dp33dyoIojE4LCJ0eXB3oj24dGVadGFyZWE4LCJhZGQ4O4oxo4w4ZWR1dCoIojE4LCJzZWFyYi54O4oxo4w4ci3IZSoIonNwYWaxM4osonNvcnRs6XN0oj2zLCJpbgJtXidybgVwoj24o4w46WmwdXRfZgJvdXA4O3tdLCJvcHR1bia4Ons4bgB0XgRmcGU4O4o4LCJsbi9rdXBfcXV3cnk4O4o4LCJsbi9rdXBfdGF4bGU4O4o4LCJsbi9rdXBf6iVmoj24o4w4bG9v6gVwXgZhbHV3oj24o4w46XNfZGVwZWmkZWmjeSoIo4osonN3bGVjdF9tdWx06XBsZSoIojA4LCJ1bWFnZV9tdWx06XBsZSoIojA4LCJzYXZ3XiZlbGxfcGF06CoIojA4LCJzYXZ3Xi9y6Wd1bpFsXi3tYWd3oj24MCosopxvbitlcF9kZXB3bpR3bpNmXit3eSoIo4osonBhdGhfdG9fdXBsbiFkoj24o4w4cgV4XiZvbGR3cpmhbWU4O4o4LCJlcGxvYWRfdH3wZSoIo4osonRvbix06XA4O4o4LCJ2ZWxwdGVadCoIo4osonBsYWN36G9sZGVyoj24o4w4YXR0cp34dXR3oj24o4w4ZXh0ZWmkXiNsYXNzoj24o4w4cHJ3Zp3aoj24o4w4cgVp6X54O4o4LCJzdHJfcHJ3Zp3aoj24o4w4dpFsXgRmcGU4O4JzdHo4fX0seyJjbGFzcyoIopNlcgRvbWVyo4w4Zp33bGQ4O4JhZGRyZXNzo4w4YWx1YXM4O4JhZpZ1bG3hdGVlciVyo4w4bGF4ZWw4O4JBZGRyZXNzo4w4bGFuZgVhZiU4O3tdLCJyZXFl6XJ3ZCoIonJ3cXV1cpVko4w4dp33dyoIojE4LCJ0eXB3oj24dGVadGFyZWE4LCJhZGQ4O4oxo4w4ZWR1dCoIojE4LCJzZWFyYi54O4oxo4w4ci3IZSoIonNwYWaxM4osonNvcnRs6XN0oj20LCJpbgJtXidybgVwoj24o4w46WmwdXRfZgJvdXA4O3tdLCJvcHR1bia4Ons4bgB0XgRmcGU4O4o4LCJsbi9rdXBfcXV3cnk4O4o4LCJsbi9rdXBfdGF4bGU4O4o4LCJsbi9rdXBf6iVmoj24o4w4bG9v6gVwXgZhbHV3oj24o4w46XNfZGVwZWmkZWmjeSoIo4osonN3bGVjdF9tdWx06XBsZSoIojA4LCJ1bWFnZV9tdWx06XBsZSoIojA4LCJzYXZ3XiZlbGxfcGF06CoIojA4LCJzYXZ3Xi9y6Wd1bpFsXi3tYWd3oj24MCosopxvbitlcF9kZXB3bpR3bpNmXit3eSoIo4osonBhdGhfdG9fdXBsbiFkoj24o4w4cgV4XiZvbGR3cpmhbWU4O4o4LCJlcGxvYWRfdH3wZSoIo4osonRvbix06XA4O4o4LCJ2ZWxwdGVadCoIo4osonBsYWN36G9sZGVyoj24o4w4YXR0cp34dXR3oj24o4w4ZXh0ZWmkXiNsYXNzoj24o4w4cHJ3Zp3aoj24o4w4cgVp6X54O4o4LCJzdHJfcHJ3Zp3aoj24o4w4dpFsXgRmcGU4O4JzdHo4fX0seyJjbGFzcyoIopNlcgRvbWVyo4w4Zp33bGQ4O4J3bWF1bCosopFs6WFzoj24YWZp6Wx1YXR3dXN3c4osopxhYpVsoj24RWlh6Ww4LCJsYWmndWFnZSoIWl0sonJ3cXV1cpVkoj24cpVxdW3yZWQ4LCJi6WVgoj24MSosonRmcGU4O4J0ZXh0YXJ3YSosopFkZCoIojE4LCJ3ZG30oj24MSosonN3YXJj6CoIojE4LCJz6X13oj24cgBhbjEyo4w4ci9ydGx1cgQ4OjUsopZvcplfZgJvdXA4O4o4LCJ1bnBldF9ncp9lcCoIWl0sop9wdG3vb4oIeyJvcHRfdH3wZSoIo4osopxvbitlcF9xdWVyeSoIo4osopxvbitlcF90YWJsZSoIo4osopxvbitlcF9rZXk4O4o4LCJsbi9rdXBfdpFsdWU4O4o4LCJ1cl9kZXB3bpR3bpNmoj24o4w4ciVsZWN0XillbHR1cGx3oj24MCosop3tYWd3XillbHR1cGx3oj24MCosonNhdpVfZnVsbF9wYXR2oj24MCosonNhdpVfbgJ1Zi3uYWxf6WlhZiU4O4owo4w4bG9v6gVwXiR3cGVuZGVuYg3f6iVmoj24o4w4cGF06F90bl9lcGxvYWQ4O4o4LCJzdWJfZp9sZGVybpFtZSoIo4osonVwbG9hZF90eXB3oj24o4w4dG9vbHR1cCoIo4osoph3bHB0ZXh0oj24o4w4cGxhYiV2bixkZXo4O4o4LCJhdHRy6WJldGU4O4o4LCJ3eHR3bpRfYixhcgM4O4o4LCJwcpVp6X54O4o4LCJzdWZ1eCoIo4osonN0c39wcpVp6X54O4o4LCJiYWxfdH3wZSoIonN0c4J9fSx7opNsYXNzoj24YgVzdG9tZXo4LCJp6WVsZCoIonJ3ZpVyZWR4eSosopFs6WFzoj24YWZp6Wx1YXR3dXN3c4osopxhYpVsoj24UpVpZXJ3ZGJmo4w4bGFuZgVhZiU4O3tdLCJyZXFl6XJ3ZCoIonJ3cXV1cpVko4w4dp33dyoIojE4LCJ0eXB3oj24dGVadCosopFkZCoIojE4LCJ3ZG30oj24MSosonN3YXJj6CoIojE4LCJz6X13oj24cgBhbjEyo4w4ci9ydGx1cgQ4OjYsopZvcplfZgJvdXA4O4o4LCJ1bnBldF9ncp9lcCoIWl0sop9wdG3vb4oIeyJvcHRfdH3wZSoIo4osopxvbitlcF9xdWVyeSoIo4osopxvbitlcF90YWJsZSoIo4osopxvbitlcF9rZXk4O4o4LCJsbi9rdXBfdpFsdWU4O4o4LCJ1cl9kZXB3bpR3bpNmoj24o4w4ciVsZWN0XillbHR1cGx3oj24MCosop3tYWd3XillbHR1cGx3oj24MCosonNhdpVfZnVsbF9wYXR2oj24MCosonNhdpVfbgJ1Zi3uYWxf6WlhZiU4O4owo4w4bG9v6gVwXiR3cGVuZGVuYg3f6iVmoj24o4w4cGF06F90bl9lcGxvYWQ4O4o4LCJzdWJfZp9sZGVybpFtZSoIo4osonVwbG9hZF90eXB3oj24o4w4dG9vbHR1cCoIo4osoph3bHB0ZXh0oj24o4w4cGxhYiV2bixkZXo4O4o4LCJhdHRy6WJldGU4O4o4LCJ3eHR3bpRfYixhcgM4O4o4LCJwcpVp6X54O4o4LCJzdWZ1eCoIo4osonN0c39wcpVp6X54O4o4LCJiYWxfdH3wZSoIonN0c4J9fSx7opNsYXNzoj24YgVzdG9tZXo4LCJp6WVsZCoIop3wYWRkcpVzcyosopFs6WFzoj24YWZp6Wx1YXR3dXN3c4osopxhYpVsoj24SXBhZGRyZXNzo4w4bGFuZgVhZiU4O3tdLCJyZXFl6XJ3ZCoIonJ3cXV1cpVko4w4dp33dyoIojE4LCJ0eXB3oj24dGVadCosopFkZCoIojE4LCJ3ZG30oj24MSosonN3YXJj6CoIojE4LCJz6X13oj24cgBhbjEyo4w4ci9ydGx1cgQ4OjcsopZvcplfZgJvdXA4O4o4LCJ1bnBldF9ncp9lcCoIWl0sop9wdG3vb4oIeyJvcHRfdH3wZSoIo4osopxvbitlcF9xdWVyeSoIo4osopxvbitlcF90YWJsZSoIo4osopxvbitlcF9rZXk4O4o4LCJsbi9rdXBfdpFsdWU4O4o4LCJ1cl9kZXB3bpR3bpNmoj24o4w4ciVsZWN0XillbHR1cGx3oj24MCosop3tYWd3XillbHR1cGx3oj24MCosonNhdpVfZnVsbF9wYXR2oj24MCosonNhdpVfbgJ1Zi3uYWxf6WlhZiU4O4owo4w4bG9v6gVwXiR3cGVuZGVuYg3f6iVmoj24o4w4cGF06F90bl9lcGxvYWQ4O4o4LCJzdWJfZp9sZGVybpFtZSoIo4osonVwbG9hZF90eXB3oj24o4w4dG9vbHR1cCoIo4osoph3bHB0ZXh0oj24o4w4cGxhYiV2bixkZXo4O4o4LCJhdHRy6WJldGU4O4o4LCJ3eHR3bpRfYixhcgM4O4o4LCJwcpVp6X54O4o4LCJzdWZ1eCoIo4osonN0c39wcpVp6X54O4o4LCJiYWxfdH3wZSoIonN0c4J9fSx7opNsYXNzoj24YgVzdG9tZXo4LCJp6WVsZCoIoplvYp3sZSosopFs6WFzoj24YWZp6Wx1YXR3dXN3c4osopxhYpVsoj24TW946Wx3o4w4bGFuZgVhZiU4O3tdLCJyZXFl6XJ3ZCoIonJ3cXV1cpVko4w4dp33dyoIojE4LCJ0eXB3oj24dGVadCosopFkZCoIojE4LCJ3ZG30oj24MSosonN3YXJj6CoIojE4LCJz6X13oj24cgBhbjEyo4w4ci9ydGx1cgQ4Oj5sopZvcplfZgJvdXA4O4o4LCJ1bnBldF9ncp9lcCoIWl0sop9wdG3vb4oIeyJvcHRfdH3wZSoIo4osopxvbitlcF9xdWVyeSoIo4osopxvbitlcF90YWJsZSoIo4osopxvbitlcF9rZXk4O4o4LCJsbi9rdXBfdpFsdWU4O4o4LCJ1cl9kZXB3bpR3bpNmoj24o4w4ciVsZWN0XillbHR1cGx3oj24MCosop3tYWd3XillbHR1cGx3oj24MCosonNhdpVfZnVsbF9wYXR2oj24MCosonNhdpVfbgJ1Zi3uYWxf6WlhZiU4O4owo4w4bG9v6gVwXiR3cGVuZGVuYg3f6iVmoj24o4w4cGF06F90bl9lcGxvYWQ4O4o4LCJzdWJfZp9sZGVybpFtZSoIo4osonVwbG9hZF90eXB3oj24o4w4dG9vbHR1cCoIo4osoph3bHB0ZXh0oj24o4w4cGxhYiV2bixkZXo4O4o4LCJhdHRy6WJldGU4O4o4LCJ3eHR3bpRfYixhcgM4O4o4LCJwcpVp6X54O4o4LCJzdWZ1eCoIo4osonN0c39wcpVp6X54O4o4LCJiYWxfdH3wZSoIonN0c4J9fSx7opNsYXNzoj24YgVzdG9tZXo4LCJp6WVsZCoIopFjdG3iZSosopFs6WFzoj24YWZp6Wx1YXR3dXN3c4osopxhYpVsoj24QWN06XZ3o4w4bGFuZgVhZiU4O3tdLCJyZXFl6XJ3ZCoIonJ3cXV1cpVko4w4dp33dyoIojE4LCJ0eXB3oj24dGVadCosopFkZCoIojE4LCJ3ZG30oj24MSosonN3YXJj6CoIojE4LCJz6X13oj24cgBhbjEyo4w4ci9ydGx1cgQ4OjksopZvcplfZgJvdXA4O4o4LCJ1bnBldF9ncp9lcCoIWl0sop9wdG3vb4oIeyJvcHRfdH3wZSoIo4osopxvbitlcF9xdWVyeSoIo4osopxvbitlcF90YWJsZSoIo4osopxvbitlcF9rZXk4O4o4LCJsbi9rdXBfdpFsdWU4O4o4LCJ1cl9kZXB3bpR3bpNmoj24o4w4ciVsZWN0XillbHR1cGx3oj24MCosop3tYWd3XillbHR1cGx3oj24MCosonNhdpVfZnVsbF9wYXR2oj24MCosonNhdpVfbgJ1Zi3uYWxf6WlhZiU4O4owo4w4bG9v6gVwXiR3cGVuZGVuYg3f6iVmoj24o4w4cGF06F90bl9lcGxvYWQ4O4o4LCJzdWJfZp9sZGVybpFtZSoIo4osonVwbG9hZF90eXB3oj24o4w4dG9vbHR1cCoIo4osoph3bHB0ZXh0oj24o4w4cGxhYiV2bixkZXo4O4o4LCJhdHRy6WJldGU4O4o4LCJ3eHR3bpRfYixhcgM4O4o4LCJwcpVp6X54O4o4LCJzdWZ1eCoIo4osonN0c39wcpVp6X54O4o4LCJiYWxfdH3wZSoIonN0c4J9fSx7opNsYXNzoj24YgVzdG9tZXo4LCJp6WVsZCoIopRv64osopFs6WFzoj24YWZp6Wx1YXR3dXN3c4osopxhYpVsoj24RG9qo4w4bGFuZgVhZiU4O3tdLCJyZXFl6XJ3ZCoIonJ3cXV1cpVko4w4dp33dyoIojE4LCJ0eXB3oj24dGVadCosopFkZCoIojE4LCJ3ZG30oj24MSosonN3YXJj6CoIojE4LCJz6X13oj24cgBhbjEyo4w4ci9ydGx1cgQ4OjEwLCJpbgJtXidybgVwoj24o4w46WmwdXRfZgJvdXA4O3tdLCJvcHR1bia4Ons4bgB0XgRmcGU4O4o4LCJsbi9rdXBfcXV3cnk4O4o4LCJsbi9rdXBfdGF4bGU4O4o4LCJsbi9rdXBf6iVmoj24o4w4bG9v6gVwXgZhbHV3oj24o4w46XNfZGVwZWmkZWmjeSoIo4osonN3bGVjdF9tdWx06XBsZSoIojA4LCJ1bWFnZV9tdWx06XBsZSoIojA4LCJzYXZ3XiZlbGxfcGF06CoIojA4LCJzYXZ3Xi9y6Wd1bpFsXi3tYWd3oj24MCosopxvbitlcF9kZXB3bpR3bpNmXit3eSoIo4osonBhdGhfdG9fdXBsbiFkoj24o4w4cgV4XiZvbGR3cpmhbWU4O4o4LCJlcGxvYWRfdH3wZSoIo4osonRvbix06XA4O4o4LCJ2ZWxwdGVadCoIo4osonBsYWN36G9sZGVyoj24o4w4YXR0cp34dXR3oj24o4w4ZXh0ZWmkXiNsYXNzoj24o4w4cHJ3Zp3aoj24o4w4cgVp6X54O4o4LCJzdHJfcHJ3Zp3aoj24o4w4dpFsXgRmcGU4O4JzdHo4fX0seyJjbGFzcyoIopNlcgRvbWVyo4w4Zp33bGQ4O4JjbgVudHJmo4w4YWx1YXM4O4JhZpZ1bG3hdGVlciVyo4w4bGF4ZWw4O4JDbgVudHJmo4w4bGFuZgVhZiU4O3tdLCJyZXFl6XJ3ZCoIonJ3cXV1cpVko4w4dp33dyoIojE4LCJ0eXB3oj24dGVadGFyZWE4LCJhZGQ4O4oxo4w4ZWR1dCoIojE4LCJzZWFyYi54O4oxo4w4ci3IZSoIonNwYWaxM4osonNvcnRs6XN0oj2xMSw4Zp9ybV9ncp9lcCoIo4osop3ucHV0XidybgVwoj1bXSw4bgB06W9uoj17op9wdF90eXB3oj24o4w4bG9v6gVwXgFlZXJmoj24o4w4bG9v6gVwXgRhYpx3oj24o4w4bG9v6gVwXit3eSoIo4osopxvbitlcF9iYWxlZSoIo4osop3zXiR3cGVuZGVuYgk4O4o4LCJzZWx3YgRfbXVsdG3wbGU4O4owo4w46WlhZiVfbXVsdG3wbGU4O4owo4w4ciFiZV9pdWxsXgBhdG54O4owo4w4ciFiZV9vcp3n6WmhbF91bWFnZSoIojA4LCJsbi9rdXBfZGVwZWmkZWmjeV9rZXk4O4o4LCJwYXR2XgRvXgVwbG9hZCoIo4osonNlY39pbixkZXJuYWl3oj24o4w4dXBsbiFkXgRmcGU4O4o4LCJ0bi9sdG3woj24o4w46GVscHR3eHQ4O4o4LCJwbGFjZWhvbGR3c4oIo4osopF0dHJ1YnV0ZSoIo4osopVadGVuZF9jbGFzcyoIo4osonByZWZ1eCoIo4osonNlZp3aoj24o4w4cgRyXgByZWZ1eCoIo4osonZhbF90eXB3oj24cgRyonl9LHs4YixhcgM4O4JjdXN0bil3c4osopZ1ZWxkoj24dGFtbgVudCosopFs6WFzoj24YWZp6Wx1YXR3dXN3c4osopxhYpVsoj24VGFtbgVudCosopxhbpdlYWd3oj1bXSw4cpVxdW3yZWQ4O4JyZXFl6XJ3ZCosonZ1ZXc4O4oxo4w4dH3wZSoIonR3eHQ4LCJhZGQ4O4oxo4w4ZWR1dCoIojE4LCJzZWFyYi54O4oxo4w4ci3IZSoIonNwYWaxM4osonNvcnRs6XN0oj2xM4w4Zp9ybV9ncp9lcCoIo4osop3ucHV0XidybgVwoj1bXSw4bgB06W9uoj17op9wdF90eXB3oj24o4w4bG9v6gVwXgFlZXJmoj24o4w4bG9v6gVwXgRhYpx3oj24o4w4bG9v6gVwXit3eSoIo4osopxvbitlcF9iYWxlZSoIo4osop3zXiR3cGVuZGVuYgk4O4o4LCJzZWx3YgRfbXVsdG3wbGU4O4owo4w46WlhZiVfbXVsdG3wbGU4O4owo4w4ciFiZV9pdWxsXgBhdG54O4owo4w4ciFiZV9vcp3n6WmhbF91bWFnZSoIojA4LCJsbi9rdXBfZGVwZWmkZWmjeV9rZXk4O4o4LCJwYXR2XgRvXgVwbG9hZCoIo4osonNlY39pbixkZXJuYWl3oj24o4w4dXBsbiFkXgRmcGU4O4o4LCJ0bi9sdG3woj24o4w46GVscHR3eHQ4O4o4LCJwbGFjZWhvbGR3c4oIo4osopF0dHJ1YnV0ZSoIo4osopVadGVuZF9jbGFzcyoIo4osonByZWZ1eCoIo4osonNlZp3aoj24o4w4cgRyXgByZWZ1eCoIo4osonZhbF90eXB3oj24cgRyonl9LHs4YixhcgM4O4JjdXN0bil3c4osopZ1ZWxkoj24cGFmbWVudCosopFs6WFzoj24YWZp6Wx1YXR3dXN3c4osopxhYpVsoj24UGFmbWVudCosopxhbpdlYWd3oj1bXSw4cpVxdW3yZWQ4O4JyZXFl6XJ3ZCosonZ1ZXc4O4oxo4w4dH3wZSoIonR3eHQ4LCJhZGQ4O4oxo4w4ZWR1dCoIojE4LCJzZWFyYi54O4oxo4w4ci3IZSoIonNwYWaxM4osonNvcnRs6XN0oj2xMyw4Zp9ybV9ncp9lcCoIo4osop3ucHV0XidybgVwoj1bXSw4bgB06W9uoj17op9wdF90eXB3oj24o4w4bG9v6gVwXgFlZXJmoj24o4w4bG9v6gVwXgRhYpx3oj24o4w4bG9v6gVwXit3eSoIo4osopxvbitlcF9iYWxlZSoIo4osop3zXiR3cGVuZGVuYgk4O4o4LCJzZWx3YgRfbXVsdG3wbGU4O4owo4w46WlhZiVfbXVsdG3wbGU4O4owo4w4ciFiZV9pdWxsXgBhdG54O4owo4w4ciFiZV9vcp3n6WmhbF91bWFnZSoIojA4LCJsbi9rdXBfZGVwZWmkZWmjeV9rZXk4O4o4LCJwYXR2XgRvXgVwbG9hZCoIo4osonNlY39pbixkZXJuYWl3oj24o4w4dXBsbiFkXgRmcGU4O4o4LCJ0bi9sdG3woj24o4w46GVscHR3eHQ4O4o4LCJwbGFjZWhvbGR3c4oIo4osopF0dHJ1YnV0ZSoIo4osopVadGVuZF9jbGFzcyoIo4osonByZWZ1eCoIo4osonNlZp3aoj24o4w4cgRyXgByZWZ1eCoIo4osonZhbF90eXB3oj24cgRyonl9LHs4YixhcgM4O4JjdXN0bil3c4osopZ1ZWxkoj24ci3nbnVwYi9kZSosopFs6WFzoj24YWZp6Wx1YXR3dXN3c4osopxhYpVsoj24Ui3nbnVwYi9kZSosopxhbpdlYWd3oj1bXSw4cpVxdW3yZWQ4O4JyZXFl6XJ3ZCosonZ1ZXc4O4oxo4w4dH3wZSoIonR3eHRhcpVho4w4YWRkoj24MSosopVk6XQ4O4oxo4w4ciVhcpN2oj24MSosonN1epU4O4JzcGFuMTo4LCJzbgJ0bG3zdCoIMTQsopZvcplfZgJvdXA4O4o4LCJ1bnBldF9ncp9lcCoIWl0sop9wdG3vb4oIeyJvcHRfdH3wZSoIo4osopxvbitlcF9xdWVyeSoIo4osopxvbitlcF90YWJsZSoIo4osopxvbitlcF9rZXk4O4o4LCJsbi9rdXBfdpFsdWU4O4o4LCJ1cl9kZXB3bpR3bpNmoj24o4w4ciVsZWN0XillbHR1cGx3oj24MCosop3tYWd3XillbHR1cGx3oj24MCosonNhdpVfZnVsbF9wYXR2oj24MCosonNhdpVfbgJ1Zi3uYWxf6WlhZiU4O4owo4w4bG9v6gVwXiR3cGVuZGVuYg3f6iVmoj24o4w4cGF06F90bl9lcGxvYWQ4O4o4LCJzdWJfZp9sZGVybpFtZSoIo4osonVwbG9hZF90eXB3oj24o4w4dG9vbHR1cCoIo4osoph3bHB0ZXh0oj24o4w4cGxhYiV2bixkZXo4O4o4LCJhdHRy6WJldGU4O4o4LCJ3eHR3bpRfYixhcgM4O4o4LCJwcpVp6X54O4o4LCJzdWZ1eCoIo4osonN0c39wcpVp6X54O4o4LCJiYWxfdH3wZSoIonN0c4J9fSx7opNsYXNzoj24YgVzdG9tZXo4LCJp6WVsZCoIopx3dpVso4w4YWx1YXM4O4JhZpZ1bG3hdGVlciVyo4w4bGF4ZWw4O4JMZXZ3bCosopxhbpdlYWd3oj1bXSw4cpVxdW3yZWQ4O4JyZXFl6XJ3ZCosonZ1ZXc4O4oxo4w4dH3wZSoIonR3eHQ4LCJhZGQ4O4oxo4w4ZWR1dCoIojE4LCJzZWFyYi54O4oxo4w4ci3IZSoIonNwYWaxM4osonNvcnRs6XN0oj2xNSw4Zp9ybV9ncp9lcCoIo4osop3ucHV0XidybgVwoj1bXSw4bgB06W9uoj17op9wdF90eXB3oj24o4w4bG9v6gVwXgFlZXJmoj24o4w4bG9v6gVwXgRhYpx3oj24o4w4bG9v6gVwXit3eSoIo4osopxvbitlcF9iYWxlZSoIo4osop3zXiR3cGVuZGVuYgk4O4o4LCJzZWx3YgRfbXVsdG3wbGU4O4owo4w46WlhZiVfbXVsdG3wbGU4O4owo4w4ciFiZV9pdWxsXgBhdG54O4owo4w4ciFiZV9vcp3n6WmhbF91bWFnZSoIojA4LCJsbi9rdXBfZGVwZWmkZWmjeV9rZXk4O4o4LCJwYXR2XgRvXgVwbG9hZCoIo4osonNlY39pbixkZXJuYWl3oj24o4w4dXBsbiFkXgRmcGU4O4o4LCJ0bi9sdG3woj24o4w46GVscHR3eHQ4O4o4LCJwbGFjZWhvbGR3c4oIo4osopF0dHJ1YnV0ZSoIo4osopVadGVuZF9jbGFzcyoIo4osonByZWZ1eCoIo4osonNlZp3aoj24o4w4cgRyXgByZWZ1eCoIo4osonZhbF90eXB3oj24cgRyonl9LHs4YixhcgM4O4JjdXN0bil3c4osopZ1ZWxkoj24cGNrdGFrZWa4LCJhbG3hcyoIopFpZp3s6WF0ZXVzZXo4LCJsYWJ3bCoIo3Bj6gRh6iVuo4w4bGFuZgVhZiU4O3tdLCJyZXFl6XJ3ZCoIonJ3cXV1cpVko4w4dp33dyoIojE4LCJ0eXB3oj24dGVadCosopFkZCoIojE4LCJ3ZG30oj24MSosonN3YXJj6CoIojE4LCJz6X13oj24cgBhbjEyo4w4ci9ydGx1cgQ4OjEiLCJpbgJtXidybgVwoj24o4w46WmwdXRfZgJvdXA4O3tdLCJvcHR1bia4Ons4bgB0XgRmcGU4O4o4LCJsbi9rdXBfcXV3cnk4O4o4LCJsbi9rdXBfdGF4bGU4O4o4LCJsbi9rdXBf6iVmoj24o4w4bG9v6gVwXgZhbHV3oj24o4w46XNfZGVwZWmkZWmjeSoIo4osonN3bGVjdF9tdWx06XBsZSoIojA4LCJ1bWFnZV9tdWx06XBsZSoIojA4LCJzYXZ3XiZlbGxfcGF06CoIojA4LCJzYXZ3Xi9y6Wd1bpFsXi3tYWd3oj24MCosopxvbitlcF9kZXB3bpR3bpNmXit3eSoIo4osonBhdGhfdG9fdXBsbiFkoj24o4w4cgV4XiZvbGR3cpmhbWU4O4o4LCJlcGxvYWRfdH3wZSoIo4osonRvbix06XA4O4o4LCJ2ZWxwdGVadCoIo4osonBsYWN36G9sZGVyoj24o4w4YXR0cp34dXR3oj24o4w4ZXh0ZWmkXiNsYXNzoj24o4w4cHJ3Zp3aoj24o4w4cgVp6X54O4o4LCJzdHJfcHJ3Zp3aoj24o4w4dpFsXgRmcGU4O4JzdHo4fX0seyJjbGFzcyoIopNlcgRvbWVyo4w4Zp33bGQ4O4JsYXVuYi54LCJhbG3hcyoIopFpZp3s6WF0ZXVzZXo4LCJsYWJ3bCoIokxhdWmj6CosopxhbpdlYWd3oj1bXSw4cpVxdW3yZWQ4O4JyZXFl6XJ3ZCosonZ1ZXc4O4oxo4w4dH3wZSoIonR3eHQ4LCJhZGQ4O4oxo4w4ZWR1dCoIojE4LCJzZWFyYi54O4oxo4w4ci3IZSoIonNwYWaxM4osonNvcnRs6XN0oj2xNyw4Zp9ybV9ncp9lcCoIo4osop3ucHV0XidybgVwoj1bXSw4bgB06W9uoj17op9wdF90eXB3oj24o4w4bG9v6gVwXgFlZXJmoj24o4w4bG9v6gVwXgRhYpx3oj24o4w4bG9v6gVwXit3eSoIo4osopxvbitlcF9iYWxlZSoIo4osop3zXiR3cGVuZGVuYgk4O4o4LCJzZWx3YgRfbXVsdG3wbGU4O4owo4w46WlhZiVfbXVsdG3wbGU4O4owo4w4ciFiZV9pdWxsXgBhdG54O4owo4w4ciFiZV9vcp3n6WmhbF91bWFnZSoIojA4LCJsbi9rdXBfZGVwZWmkZWmjeV9rZXk4O4o4LCJwYXR2XgRvXgVwbG9hZCoIo4osonNlY39pbixkZXJuYWl3oj24o4w4dXBsbiFkXgRmcGU4O4o4LCJ0bi9sdG3woj24o4w46GVscHR3eHQ4O4o4LCJwbGFjZWhvbGR3c4oIo4osopF0dHJ1YnV0ZSoIo4osopVadGVuZF9jbGFzcyoIo4osonByZWZ1eCoIo4osonNlZp3aoj24o4w4cgRyXgByZWZ1eCoIo4osonZhbF90eXB3oj24cgRyonl9LHs4YixhcgM4O4JjdXN0bil3c4osopZ1ZWxkoj24ZXhw6XJmo4w4YWx1YXM4O4JhZpZ1bG3hdGVlciVyo4w4bGF4ZWw4O4JFeHB1cnk4LCJsYWmndWFnZSoIWl0sonJ3cXV1cpVkoj24cpVxdW3yZWQ4LCJi6WVgoj24MSosonRmcGU4O4J0ZXh0o4w4YWRkoj24MSosopVk6XQ4O4oxo4w4ciVhcpN2oj24MSosonN1epU4O4JzcGFuMTo4LCJzbgJ0bG3zdCoIMT5sopZvcplfZgJvdXA4O4o4LCJ1bnBldF9ncp9lcCoIWl0sop9wdG3vb4oIeyJvcHRfdH3wZSoIo4osopxvbitlcF9xdWVyeSoIo4osopxvbitlcF90YWJsZSoIo4osopxvbitlcF9rZXk4O4o4LCJsbi9rdXBfdpFsdWU4O4o4LCJ1cl9kZXB3bpR3bpNmoj24o4w4ciVsZWN0XillbHR1cGx3oj24MCosop3tYWd3XillbHR1cGx3oj24MCosonNhdpVfZnVsbF9wYXR2oj24MCosonNhdpVfbgJ1Zi3uYWxf6WlhZiU4O4owo4w4bG9v6gVwXiR3cGVuZGVuYg3f6iVmoj24o4w4cGF06F90bl9lcGxvYWQ4O4o4LCJzdWJfZp9sZGVybpFtZSoIo4osonVwbG9hZF90eXB3oj24o4w4dG9vbHR1cCoIo4osoph3bHB0ZXh0oj24o4w4cGxhYiV2bixkZXo4O4o4LCJhdHRy6WJldGU4O4o4LCJ3eHR3bpRfYixhcgM4O4o4LCJwcpVp6X54O4o4LCJzdWZ1eCoIo4osonN0c39wcpVp6X54O4o4LCJiYWxfdH3wZSoIonN0c4J9fSx7opNsYXNzoj24YgVzdG9tZXo4LCJp6WVsZCoIopJhbptuYWl3o4w4YWx1YXM4O4JhZpZ1bG3hdGVlciVyo4w4bGF4ZWw4O4JCYWmrbpFtZSosopxhbpdlYWd3oj1bXSw4cpVxdW3yZWQ4O4JyZXFl6XJ3ZCosonZ1ZXc4O4oxo4w4dH3wZSoIonR3eHQ4LCJhZGQ4O4oxo4w4ZWR1dCoIojE4LCJzZWFyYi54O4oxo4w4ci3IZSoIonNwYWaxM4osonNvcnRs6XN0oj2xOSw4Zp9ybV9ncp9lcCoIo4osop3ucHV0XidybgVwoj1bXSw4bgB06W9uoj17op9wdF90eXB3oj24o4w4bG9v6gVwXgFlZXJmoj24o4w4bG9v6gVwXgRhYpx3oj24o4w4bG9v6gVwXit3eSoIo4osopxvbitlcF9iYWxlZSoIo4osop3zXiR3cGVuZGVuYgk4O4o4LCJzZWx3YgRfbXVsdG3wbGU4O4owo4w46WlhZiVfbXVsdG3wbGU4O4owo4w4ciFiZV9pdWxsXgBhdG54O4owo4w4ciFiZV9vcp3n6WmhbF91bWFnZSoIojA4LCJsbi9rdXBfZGVwZWmkZWmjeV9rZXk4O4o4LCJwYXR2XgRvXgVwbG9hZCoIo4osonNlY39pbixkZXJuYWl3oj24o4w4dXBsbiFkXgRmcGU4O4o4LCJ0bi9sdG3woj24o4w46GVscHR3eHQ4O4o4LCJwbGFjZWhvbGR3c4oIo4osopF0dHJ1YnV0ZSoIo4osopVadGVuZF9jbGFzcyoIo4osonByZWZ1eCoIo4osonNlZp3aoj24o4w4cgRyXgByZWZ1eCoIo4osonZhbF90eXB3oj24cgRyonl9LHs4YixhcgM4O4JjdXN0bil3c4osopZ1ZWxkoj24YWNjbgVudGmhbWU4LCJhbG3hcyoIopFpZp3s6WF0ZXVzZXo4LCJsYWJ3bCoIokFjYi9lbnRuYWl3o4w4bGFuZgVhZiU4O3tdLCJyZXFl6XJ3ZCoIonJ3cXV1cpVko4w4dp33dyoIojE4LCJ0eXB3oj24dGVadCosopFkZCoIojE4LCJ3ZG30oj24MSosonN3YXJj6CoIojE4LCJz6X13oj24cgBhbjEyo4w4ci9ydGx1cgQ4OjowLCJpbgJtXidybgVwoj24o4w46WmwdXRfZgJvdXA4O3tdLCJvcHR1bia4Ons4bgB0XgRmcGU4O4o4LCJsbi9rdXBfcXV3cnk4O4o4LCJsbi9rdXBfdGF4bGU4O4o4LCJsbi9rdXBf6iVmoj24o4w4bG9v6gVwXgZhbHV3oj24o4w46XNfZGVwZWmkZWmjeSoIo4osonN3bGVjdF9tdWx06XBsZSoIojA4LCJ1bWFnZV9tdWx06XBsZSoIojA4LCJzYXZ3XiZlbGxfcGF06CoIojA4LCJzYXZ3Xi9y6Wd1bpFsXi3tYWd3oj24MCosopxvbitlcF9kZXB3bpR3bpNmXit3eSoIo4osonBhdGhfdG9fdXBsbiFkoj24o4w4cgV4XiZvbGR3cpmhbWU4O4o4LCJlcGxvYWRfdH3wZSoIo4osonRvbix06XA4O4o4LCJ2ZWxwdGVadCoIo4osonBsYWN36G9sZGVyoj24o4w4YXR0cp34dXR3oj24o4w4ZXh0ZWmkXiNsYXNzoj24o4w4cHJ3Zp3aoj24o4w4cgVp6X54O4o4LCJzdHJfcHJ3Zp3aoj24o4w4dpFsXgRmcGU4O4JzdHo4fX0seyJjbGFzcyoIopNlcgRvbWVyo4w4Zp33bGQ4O4JhYiNvdWm0bp84LCJhbG3hcyoIopFpZp3s6WF0ZXVzZXo4LCJsYWJ3bCoIokFjYi9lbnRubyosopxhbpdlYWd3oj1bXSw4cpVxdW3yZWQ4O4JyZXFl6XJ3ZCosonZ1ZXc4O4oxo4w4dH3wZSoIonR3eHQ4LCJhZGQ4O4oxo4w4ZWR1dCoIojE4LCJzZWFyYi54O4oxo4w4ci3IZSoIonNwYWaxM4osonNvcnRs6XN0oj2yMSw4Zp9ybV9ncp9lcCoIo4osop3ucHV0XidybgVwoj1bXSw4bgB06W9uoj17op9wdF90eXB3oj24o4w4bG9v6gVwXgFlZXJmoj24o4w4bG9v6gVwXgRhYpx3oj24o4w4bG9v6gVwXit3eSoIo4osopxvbitlcF9iYWxlZSoIo4osop3zXiR3cGVuZGVuYgk4O4o4LCJzZWx3YgRfbXVsdG3wbGU4O4owo4w46WlhZiVfbXVsdG3wbGU4O4owo4w4ciFiZV9pdWxsXgBhdG54O4owo4w4ciFiZV9vcp3n6WmhbF91bWFnZSoIojA4LCJsbi9rdXBfZGVwZWmkZWmjeV9rZXk4O4o4LCJwYXR2XgRvXgVwbG9hZCoIo4osonNlY39pbixkZXJuYWl3oj24o4w4dXBsbiFkXgRmcGU4O4o4LCJ0bi9sdG3woj24o4w46GVscHR3eHQ4O4o4LCJwbGFjZWhvbGR3c4oIo4osopF0dHJ1YnV0ZSoIo4osopVadGVuZF9jbGFzcyoIo4osonByZWZ1eCoIo4osonNlZp3aoj24o4w4cgRyXgByZWZ1eCoIo4osonZhbF90eXB3oj24cgRyonl9LHs4YixhcgM4O4JjdXN0bil3c4osopZ1ZWxkoj24YWNjbgVudHRmcGU4LCJhbG3hcyoIopFpZp3s6WF0ZXVzZXo4LCJsYWJ3bCoIokFjYi9lbnR0eXB3o4w4bGFuZgVhZiU4O3tdLCJyZXFl6XJ3ZCoIonJ3cXV1cpVko4w4dp33dyoIojE4LCJ0eXB3oj24dGVadCosopFkZCoIojE4LCJ3ZG30oj24MSosonN3YXJj6CoIojE4LCJz6X13oj24cgBhbjEyo4w4ci9ydGx1cgQ4OjoyLCJpbgJtXidybgVwoj24o4w46WmwdXRfZgJvdXA4O3tdLCJvcHR1bia4Ons4bgB0XgRmcGU4O4o4LCJsbi9rdXBfcXV3cnk4O4o4LCJsbi9rdXBfdGF4bGU4O4o4LCJsbi9rdXBf6iVmoj24o4w4bG9v6gVwXgZhbHV3oj24o4w46XNfZGVwZWmkZWmjeSoIo4osonN3bGVjdF9tdWx06XBsZSoIojA4LCJ1bWFnZV9tdWx06XBsZSoIojA4LCJzYXZ3XiZlbGxfcGF06CoIojA4LCJzYXZ3Xi9y6Wd1bpFsXi3tYWd3oj24MCosopxvbitlcF9kZXB3bpR3bpNmXit3eSoIo4osonBhdGhfdG9fdXBsbiFkoj24o4w4cgV4XiZvbGR3cpmhbWU4O4o4LCJlcGxvYWRfdH3wZSoIo4osonRvbix06XA4O4o4LCJ2ZWxwdGVadCoIo4osonBsYWN36G9sZGVyoj24o4w4YXR0cp34dXR3oj24o4w4ZXh0ZWmkXiNsYXNzoj24o4w4cHJ3Zp3aoj24o4w4cgVp6X54O4o4LCJzdHJfcHJ3Zp3aoj24o4w4dpFsXgRmcGU4O4JzdHo4fX0seyJjbGFzcyoIopNlcgRvbWVyo4w4Zp33bGQ4O4J1ZnNjYi9kZSosopFs6WFzoj24YWZp6Wx1YXR3dXN3c4osopxhYpVsoj24SWZzYiNvZGU4LCJsYWmndWFnZSoIWl0sonJ3cXV1cpVkoj24cpVxdW3yZWQ4LCJi6WVgoj24MSosonRmcGU4O4J0ZXh0o4w4YWRkoj24MSosopVk6XQ4O4oxo4w4ciVhcpN2oj24MSosonN1epU4O4JzcGFuMTo4LCJzbgJ0bG3zdCoIMjMsopZvcplfZgJvdXA4O4o4LCJ1bnBldF9ncp9lcCoIWl0sop9wdG3vb4oIeyJvcHRfdH3wZSoIo4osopxvbitlcF9xdWVyeSoIo4osopxvbitlcF90YWJsZSoIo4osopxvbitlcF9rZXk4O4o4LCJsbi9rdXBfdpFsdWU4O4o4LCJ1cl9kZXB3bpR3bpNmoj24o4w4ciVsZWN0XillbHR1cGx3oj24MCosop3tYWd3XillbHR1cGx3oj24MCosonNhdpVfZnVsbF9wYXR2oj24MCosonNhdpVfbgJ1Zi3uYWxf6WlhZiU4O4owo4w4bG9v6gVwXiR3cGVuZGVuYg3f6iVmoj24o4w4cGF06F90bl9lcGxvYWQ4O4o4LCJzdWJfZp9sZGVybpFtZSoIo4osonVwbG9hZF90eXB3oj24o4w4dG9vbHR1cCoIo4osoph3bHB0ZXh0oj24o4w4cGxhYiV2bixkZXo4O4o4LCJhdHRy6WJldGU4O4o4LCJ3eHR3bpRfYixhcgM4O4o4LCJwcpVp6X54O4o4LCJzdWZ1eCoIo4osonN0c39wcpVp6X54O4o4LCJiYWxfdH3wZSoIonN0c4J9fSx7opNsYXNzoj24YgVzdG9tZXo4LCJp6WVsZCoIopd3dHBheWl3bnQ4LCJhbG3hcyoIopFpZp3s6WF0ZXVzZXo4LCJsYWJ3bCoIokd3dHBheWl3bnQ4LCJsYWmndWFnZSoIWl0sonJ3cXV1cpVkoj24cpVxdW3yZWQ4LCJi6WVgoj24MSosonRmcGU4O4J0ZXh0o4w4YWRkoj24MSosopVk6XQ4O4oxo4w4ciVhcpN2oj24MSosonN1epU4O4JzcGFuMTo4LCJzbgJ0bG3zdCoIMjQsopZvcplfZgJvdXA4O4o4LCJ1bnBldF9ncp9lcCoIWl0sop9wdG3vb4oIeyJvcHRfdH3wZSoIo4osopxvbitlcF9xdWVyeSoIo4osopxvbitlcF90YWJsZSoIo4osopxvbitlcF9rZXk4O4o4LCJsbi9rdXBfdpFsdWU4O4o4LCJ1cl9kZXB3bpR3bpNmoj24o4w4ciVsZWN0XillbHR1cGx3oj24MCosop3tYWd3XillbHR1cGx3oj24MCosonNhdpVfZnVsbF9wYXR2oj24MCosonNhdpVfbgJ1Zi3uYWxf6WlhZiU4O4owo4w4bG9v6gVwXiR3cGVuZGVuYg3f6iVmoj24o4w4cGF06F90bl9lcGxvYWQ4O4o4LCJzdWJfZp9sZGVybpFtZSoIo4osonVwbG9hZF90eXB3oj24o4w4dG9vbHR1cCoIo4osoph3bHB0ZXh0oj24o4w4cGxhYiV2bixkZXo4O4o4LCJhdHRy6WJldGU4O4o4LCJ3eHR3bpRfYixhcgM4O4o4LCJwcpVp6X54O4o4LCJzdWZ1eCoIo4osonN0c39wcpVp6X54O4o4LCJiYWxfdH3wZSoIonN0c4J9fSx7opNsYXNzoj24YgVzdG9tZXo4LCJp6WVsZCoIonJ3bpVgo4w4YWx1YXM4O4JhZpZ1bG3hdGVlciVyo4w4bGF4ZWw4O4JSZWm3dyosopxhbpdlYWd3oj1bXSw4cpVxdW3yZWQ4O4JyZXFl6XJ3ZCosonZ1ZXc4O4oxo4w4dH3wZSoIonR3eHQ4LCJhZGQ4O4oxo4w4ZWR1dCoIojE4LCJzZWFyYi54O4oxo4w4ci3IZSoIonNwYWaxM4osonNvcnRs6XN0oj2yNSw4Zp9ybV9ncp9lcCoIo4osop3ucHV0XidybgVwoj1bXSw4bgB06W9uoj17op9wdF90eXB3oj24o4w4bG9v6gVwXgFlZXJmoj24o4w4bG9v6gVwXgRhYpx3oj24o4w4bG9v6gVwXit3eSoIo4osopxvbitlcF9iYWxlZSoIo4osop3zXiR3cGVuZGVuYgk4O4o4LCJzZWx3YgRfbXVsdG3wbGU4O4owo4w46WlhZiVfbXVsdG3wbGU4O4owo4w4ciFiZV9pdWxsXgBhdG54O4owo4w4ciFiZV9vcp3n6WmhbF91bWFnZSoIojA4LCJsbi9rdXBfZGVwZWmkZWmjeV9rZXk4O4o4LCJwYXR2XgRvXgVwbG9hZCoIo4osonNlY39pbixkZXJuYWl3oj24o4w4dXBsbiFkXgRmcGU4O4o4LCJ0bi9sdG3woj24o4w46GVscHR3eHQ4O4o4LCJwbGFjZWhvbGR3c4oIo4osopF0dHJ1YnV0ZSoIo4osopVadGVuZF9jbGFzcyoIo4osonByZWZ1eCoIo4osonNlZp3aoj24o4w4cgRyXgByZWZ1eCoIo4osonZhbF90eXB3oj24cgRyonl9LHs4YixhcgM4O4JjdXN0bil3c4osopZ1ZWxkoj24cGFmbiZpo4w4YWx1YXM4O4JhZpZ1bG3hdGVlciVyo4w4bGF4ZWw4O4JQYX3vZpY4LCJsYWmndWFnZSoIWl0sonJ3cXV1cpVkoj24cpVxdW3yZWQ4LCJi6WVgoj24MSosonRmcGU4O4J0ZXh0o4w4YWRkoj24MSosopVk6XQ4O4oxo4w4ciVhcpN2oj24MSosonN1epU4O4JzcGFuMTo4LCJzbgJ0bG3zdCoIMjYsopZvcplfZgJvdXA4O4o4LCJ1bnBldF9ncp9lcCoIWl0sop9wdG3vb4oIeyJvcHRfdH3wZSoIo4osopxvbitlcF9xdWVyeSoIo4osopxvbitlcF90YWJsZSoIo4osopxvbitlcF9rZXk4O4o4LCJsbi9rdXBfdpFsdWU4O4o4LCJ1cl9kZXB3bpR3bpNmoj24o4w4ciVsZWN0XillbHR1cGx3oj24MCosop3tYWd3XillbHR1cGx3oj24MCosonNhdpVfZnVsbF9wYXR2oj24MCosonNhdpVfbgJ1Zi3uYWxf6WlhZiU4O4owo4w4bG9v6gVwXiR3cGVuZGVuYg3f6iVmoj24o4w4cGF06F90bl9lcGxvYWQ4O4o4LCJzdWJfZp9sZGVybpFtZSoIo4osonVwbG9hZF90eXB3oj24o4w4dG9vbHR1cCoIo4osoph3bHB0ZXh0oj24o4w4cGxhYiV2bixkZXo4O4o4LCJhdHRy6WJldGU4O4o4LCJ3eHR3bpRfYixhcgM4O4o4LCJwcpVp6X54O4o4LCJzdWZ1eCoIo4osonN0c39wcpVp6X54O4o4LCJiYWxfdH3wZSoIonN0c4J9fV0sonJ3cXV3cgQ4Ons4cGFnZSoIojE4LCJybgdzoj24MTA4LCJzbgJ0oj24SWQ4LCJvcpR3c4oIopFzYyosonN3YXJj6CoIonVzZXJuYWl3OpmvdF9udWxsOpmvdF9udWxsfCJ9fQ==', NULL, 0);
INSERT INTO `tb_module` (`module_id`, `module_name`, `module_title`, `module_note`, `module_author`, `module_created`, `module_desc`, `module_db`, `module_db_key`, `module_type`, `module_config`, `module_lang`, `application_id`) VALUES
(23, 'test', 'User_profile', 'dsad', NULL, '2017-08-09 15:28:47', NULL, 'User_profile', 'id', 'addon', 'eyJzcWxfciVsZWN0oj24oFNFTEVDVCBVciVyXgBybiZ1bGUuK4BGUk9NoFVzZXJfcHJvZp3sZSA4LCJzcWxfdih3cpU4O4o5V0hFUkU5VXN3c39wcp9p6Wx3Lp3koE3ToEmPVCBOVUxMo4w4cgFsXidybgVwoj24o4w4cgFsXi9yZGVyoj24oE9SREVSoEJZoFVzZXJfcHJvZp3sZSm1ZCBBU0M4LCJ0YWJsZV9kY4oIo3VzZXJfcHJvZp3sZSosonBy6Wlhcn3f6iVmoj246WQ4LCJncp3koj1beyJjbGFzcyoIonR3cgQ4LCJp6WVsZCoIop3ko4w4YWx1YXM4O4JVciVyXgBybiZ1bGU4LCJsYWmndWFnZSoIWyJ3b4JdLCJsYWJ3bCoIok3ko4w4dp33dyoIMSw4ZGV0YW3soj2xLCJzbgJ0YWJsZSoIMSw4ciVhcpN2oj2xLCJkbgdubG9hZCoIMSw4YXB1oj2xLCJpcp9IZWa4OjEsopx1bW30ZWQ4O4o4LCJg6WR06CoIopFldG84LCJhbG3nb4oIopx3ZnQ4LCJzbgJ0bG3zdCoIojA4LCJjbimuoj17onZhbG3koj24MCosopR4oj1udWxsLCJrZXk4OpmlbGwsopR1cgBsYXk4OpmlbGx9LCJpbgJtYXRfYXM4O4o4LCJpbgJtYXRfdpFsdWU4O4o4fSx7opNsYXNzoj24dGVzdCosopZ1ZWxkoj24ZgJvdXBf6WQ4LCJhbG3hcyoIo3VzZXJfcHJvZp3sZSosopxhbpdlYWd3oj1bopVuo30sopxhYpVsoj24RgJvdXA5SWQ4LCJi6WVgoj2xLCJkZXRh6Ww4OjEsonNvcnRhYpx3oj2xLCJzZWFyYi54OjEsopRvdimsbiFkoj2xLCJhcGk4OjEsopZybg13b4oIMSw4bG3t6XR3ZCoIo4osond1ZHR2oj24YXV0byosopFs6Wduoj24bGVpdCosonNvcnRs6XN0oj24MSosopNvbpa4Ons4dpFs6WQ4O4owo4w4ZGo4OpmlbGwsopt3eSoIbnVsbCw4ZG3zcGxheSoIbnVsbH0sopZvcplhdF9hcyoIo4osopZvcplhdF9iYWxlZSoIo4J9LHs4YixhcgM4O4J0ZXN0o4w4Zp33bGQ4O4JlciVybpFtZSosopFs6WFzoj24VXN3c39wcp9p6Wx3o4w4bGFuZgVhZiU4O3s4ZWa4XSw4bGF4ZWw4O4JVciVybpFtZSosonZ1ZXc4OjEsopR3dGF1bCoIMSw4ci9ydGF4bGU4OjEsonN3YXJj6CoIMSw4ZG9gbpxvYWQ4OjEsopFw6SoIMSw4ZnJvepVuoj2xLCJs6Wl1dGVkoj24o4w4di3kdG54O4JhdXRvo4w4YWx1Zia4O4JsZWZ0o4w4ci9ydGx1cgQ4O4oyo4w4Yi9ub4oIeyJiYWx1ZCoIojA4LCJkY4oIbnVsbCw46iVmoj1udWxsLCJk6XNwbGFmoj1udWxsfSw4Zp9ybWF0XiFzoj24o4w4Zp9ybWF0XgZhbHV3oj24on0seyJjbGFzcyoIonR3cgQ4LCJp6WVsZCoIonBhcgNgbgJko4w4YWx1YXM4O4JVciVyXgBybiZ1bGU4LCJsYWmndWFnZSoIWyJ3b4JdLCJsYWJ3bCoIo3BhcgNgbgJko4w4dp33dyoIMCw4ZGV0YW3soj2wLCJzbgJ0YWJsZSoIMCw4ciVhcpN2oj2xLCJkbgdubG9hZCoIMCw4YXB1oj2wLCJpcp9IZWa4OjEsopx1bW30ZWQ4O4o4LCJg6WR06CoIopFldG84LCJhbG3nb4oIopx3ZnQ4LCJzbgJ0bG3zdCoIojM4LCJjbimuoj17onZhbG3koj24MCosopR4oj1udWxsLCJrZXk4OpmlbGwsopR1cgBsYXk4OpmlbGx9LCJpbgJtYXRfYXM4O4o4LCJpbgJtYXRfdpFsdWU4O4o4fSx7opNsYXNzoj24dGVzdCosopZ1ZWxkoj24ZWlh6Ww4LCJhbG3hcyoIo3VzZXJfcHJvZp3sZSosopxhbpdlYWd3oj1bopVuo30sopxhYpVsoj24RWlh6Ww4LCJi6WVgoj2xLCJkZXRh6Ww4OjEsonNvcnRhYpx3oj2xLCJzZWFyYi54OjEsopRvdimsbiFkoj2xLCJhcGk4OjEsopZybg13b4oIMSw4bG3t6XR3ZCoIo4osond1ZHR2oj24YXV0byosopFs6Wduoj24bGVpdCosonNvcnRs6XN0oj24NCosopNvbpa4Ons4dpFs6WQ4O4owo4w4ZGo4OpmlbGwsopt3eSoIbnVsbCw4ZG3zcGxheSoIbnVsbH0sopZvcplhdF9hcyoIo4osopZvcplhdF9iYWxlZSoIo4J9LHs4YixhcgM4O4J0ZXN0o4w4Zp33bGQ4O4JzdGFpZ391ZCosopFs6WFzoj24VXN3c39wcp9p6Wx3o4w4bGFuZgVhZiU4O3s4ZWa4XSw4bGF4ZWw4O4JTdGFpZ4BJZCosonZ1ZXc4OjEsopR3dGF1bCoIMSw4ci9ydGF4bGU4OjEsonN3YXJj6CoIMSw4ZG9gbpxvYWQ4OjEsopFw6SoIMSw4ZnJvepVuoj2xLCJs6Wl1dGVkoj24o4w4di3kdG54O4JhdXRvo4w4YWx1Zia4O4JsZWZ0o4w4ci9ydGx1cgQ4O4olo4w4Yi9ub4oIeyJiYWx1ZCoIojA4LCJkY4oIbnVsbCw46iVmoj1udWxsLCJk6XNwbGFmoj1udWxsfSw4Zp9ybWF0XiFzoj24o4w4Zp9ybWF0XgZhbHV3oj24on0seyJjbGFzcyoIonR3cgQ4LCJp6WVsZCoIonB2bim3o4w4YWx1YXM4O4JVciVyXgBybiZ1bGU4LCJsYWmndWFnZSoIWyJ3b4JdLCJsYWJ3bCoIo3B2bim3o4w4dp33dyoIMSw4ZGV0YW3soj2xLCJzbgJ0YWJsZSoIMSw4ciVhcpN2oj2xLCJkbgdubG9hZCoIMSw4YXB1oj2xLCJpcp9IZWa4OjEsopx1bW30ZWQ4O4o4LCJg6WR06CoIopFldG84LCJhbG3nb4oIopx3ZnQ4LCJzbgJ0bG3zdCoIojY4LCJjbimuoj17onZhbG3koj24MCosopR4oj1udWxsLCJrZXk4OpmlbGwsopR1cgBsYXk4OpmlbGx9LCJpbgJtYXRfYXM4O4o4LCJpbgJtYXRfdpFsdWU4O4o4fSx7opNsYXNzoj24dGVzdCosopZ1ZWxkoj24Zp3ycgRfbpFtZSosopFs6WFzoj24VXN3c39wcp9p6Wx3o4w4bGFuZgVhZiU4O3s4ZWa4XSw4bGF4ZWw4O4JG6XJzdCBOYWl3o4w4dp33dyoIMSw4ZGV0YW3soj2xLCJzbgJ0YWJsZSoIMSw4ciVhcpN2oj2xLCJkbgdubG9hZCoIMSw4YXB1oj2xLCJpcp9IZWa4OjEsopx1bW30ZWQ4O4o4LCJg6WR06CoIopFldG84LCJhbG3nb4oIopx3ZnQ4LCJzbgJ0bG3zdCoIojc4LCJjbimuoj17onZhbG3koj24MCosopR4oj1udWxsLCJrZXk4OpmlbGwsopR1cgBsYXk4OpmlbGx9LCJpbgJtYXRfYXM4O4o4LCJpbgJtYXRfdpFsdWU4O4o4fSx7opNsYXNzoj24dGVzdCosopZ1ZWxkoj24bGFzdF9uYWl3o4w4YWx1YXM4O4JVciVyXgBybiZ1bGU4LCJsYWmndWFnZSoIWyJ3b4JdLCJsYWJ3bCoIokxhcgQ5TpFtZSosonZ1ZXc4OjEsopR3dGF1bCoIMSw4ci9ydGF4bGU4OjEsonN3YXJj6CoIMSw4ZG9gbpxvYWQ4OjEsopFw6SoIMSw4ZnJvepVuoj2xLCJs6Wl1dGVkoj24o4w4di3kdG54O4JhdXRvo4w4YWx1Zia4O4JsZWZ0o4w4ci9ydGx1cgQ4O4oao4w4Yi9ub4oIeyJiYWx1ZCoIojA4LCJkY4oIbnVsbCw46iVmoj1udWxsLCJk6XNwbGFmoj1udWxsfSw4Zp9ybWF0XiFzoj24o4w4Zp9ybWF0XgZhbHV3oj24on0seyJjbGFzcyoIonR3cgQ4LCJp6WVsZCoIopFiYXRhc4osopFs6WFzoj24VXN3c39wcp9p6Wx3o4w4bGFuZgVhZiU4O3s4ZWa4XSw4bGF4ZWw4O4JBdpF0YXo4LCJi6WVgoj2xLCJkZXRh6Ww4OjEsonNvcnRhYpx3oj2xLCJzZWFyYi54OjEsopRvdimsbiFkoj2xLCJhcGk4OjEsopZybg13b4oIMSw4bG3t6XR3ZCoIo4osond1ZHR2oj24YXV0byosopFs6Wduoj24bGVpdCosonNvcnRs6XN0oj24OSosopNvbpa4Ons4dpFs6WQ4O4owo4w4ZGo4OpmlbGwsopt3eSoIbnVsbCw4ZG3zcGxheSoIbnVsbH0sopZvcplhdF9hcyoIo4osopZvcplhdF9iYWxlZSoIo4J9LHs4YixhcgM4O4J0ZXN0o4w4Zp33bGQ4O4JhYgR1dpU4LCJhbG3hcyoIo3VzZXJfcHJvZp3sZSosopxhbpdlYWd3oj1bopVuo30sopxhYpVsoj24QWN06XZ3o4w4dp33dyoIMSw4ZGV0YW3soj2xLCJzbgJ0YWJsZSoIMSw4ciVhcpN2oj2xLCJkbgdubG9hZCoIMSw4YXB1oj2xLCJpcp9IZWa4OjEsopx1bW30ZWQ4O4o4LCJg6WR06CoIopFldG84LCJhbG3nb4oIopx3ZnQ4LCJzbgJ0bG3zdCoIojEwo4w4Yi9ub4oIeyJiYWx1ZCoIojA4LCJkY4oIbnVsbCw46iVmoj1udWxsLCJk6XNwbGFmoj1udWxsfSw4Zp9ybWF0XiFzoj24o4w4Zp9ybWF0XgZhbHV3oj24on0seyJjbGFzcyoIonR3cgQ4LCJp6WVsZCoIopxvZi3uXiF0dGVtcHQ4LCJhbG3hcyoIo3VzZXJfcHJvZp3sZSosopxhbpdlYWd3oj1bopVuo30sopxhYpVsoj24TG9n6Wa5QXR0ZWlwdCosonZ1ZXc4OjEsopR3dGF1bCoIMSw4ci9ydGF4bGU4OjEsonN3YXJj6CoIMSw4ZG9gbpxvYWQ4OjEsopFw6SoIMSw4ZnJvepVuoj2xLCJs6Wl1dGVkoj24o4w4di3kdG54O4JhdXRvo4w4YWx1Zia4O4JsZWZ0o4w4ci9ydGx1cgQ4O4oxMSosopNvbpa4Ons4dpFs6WQ4O4owo4w4ZGo4OpmlbGwsopt3eSoIbnVsbCw4ZG3zcGxheSoIbnVsbH0sopZvcplhdF9hcyoIo4osopZvcplhdF9iYWxlZSoIo4J9LHs4YixhcgM4O4J0ZXN0o4w4Zp33bGQ4O4JsYXN0XixvZi3uo4w4YWx1YXM4O4JVciVyXgBybiZ1bGU4LCJsYWmndWFnZSoIWyJ3b4JdLCJsYWJ3bCoIokxhcgQ5TG9n6Wa4LCJi6WVgoj2xLCJkZXRh6Ww4OjEsonNvcnRhYpx3oj2xLCJzZWFyYi54OjEsopRvdimsbiFkoj2xLCJhcGk4OjEsopZybg13b4oIMSw4bG3t6XR3ZCoIo4osond1ZHR2oj24YXV0byosopFs6Wduoj24bGVpdCosonNvcnRs6XN0oj24MTo4LCJjbimuoj17onZhbG3koj24MCosopR4oj1udWxsLCJrZXk4OpmlbGwsopR1cgBsYXk4OpmlbGx9LCJpbgJtYXRfYXM4O4o4LCJpbgJtYXRfdpFsdWU4O4o4fSx7opNsYXNzoj24dGVzdCosopZ1ZWxkoj24dXBkYXR3ZF9hdCosopFs6WFzoj24VXN3c39wcp9p6Wx3o4w4bGFuZgVhZiU4O3s4ZWa4XSw4bGF4ZWw4O4JVcGRhdGVkoEF0o4w4dp33dyoIMSw4ZGV0YW3soj2xLCJzbgJ0YWJsZSoIMSw4ciVhcpN2oj2xLCJkbgdubG9hZCoIMSw4YXB1oj2xLCJpcp9IZWa4OjEsopx1bW30ZWQ4O4o4LCJg6WR06CoIopFldG84LCJhbG3nb4oIopx3ZnQ4LCJzbgJ0bG3zdCoIojEzo4w4Yi9ub4oIeyJiYWx1ZCoIojA4LCJkY4oIbnVsbCw46iVmoj1udWxsLCJk6XNwbGFmoj1udWxsfSw4Zp9ybWF0XiFzoj24o4w4Zp9ybWF0XgZhbHV3oj24on0seyJjbGFzcyoIonR3cgQ4LCJp6WVsZCoIonJ3bW3uZGVyo4w4YWx1YXM4O4JVciVyXgBybiZ1bGU4LCJsYWmndWFnZSoIWyJ3b4JdLCJsYWJ3bCoIo3J3bW3uZGVyo4w4dp33dyoIMSw4ZGV0YW3soj2xLCJzbgJ0YWJsZSoIMSw4ciVhcpN2oj2xLCJkbgdubG9hZCoIMSw4YXB1oj2xLCJpcp9IZWa4OjEsopx1bW30ZWQ4O4o4LCJg6WR06CoIopFldG84LCJhbG3nb4oIopx3ZnQ4LCJzbgJ0bG3zdCoIojE0o4w4Yi9ub4oIeyJiYWx1ZCoIojA4LCJkY4oIbnVsbCw46iVmoj1udWxsLCJk6XNwbGFmoj1udWxsfSw4Zp9ybWF0XiFzoj24o4w4Zp9ybWF0XgZhbHV3oj24on0seyJjbGFzcyoIonR3cgQ4LCJp6WVsZCoIopFjdG3iYXR1bia4LCJhbG3hcyoIo3VzZXJfcHJvZp3sZSosopxhbpdlYWd3oj1bopVuo30sopxhYpVsoj24QWN06XZhdG3vb4osonZ1ZXc4OjEsopR3dGF1bCoIMSw4ci9ydGF4bGU4OjEsonN3YXJj6CoIMSw4ZG9gbpxvYWQ4OjEsopFw6SoIMSw4ZnJvepVuoj2xLCJs6Wl1dGVkoj24o4w4di3kdG54O4JhdXRvo4w4YWx1Zia4O4JsZWZ0o4w4ci9ydGx1cgQ4O4oxNSosopNvbpa4Ons4dpFs6WQ4O4owo4w4ZGo4OpmlbGwsopt3eSoIbnVsbCw4ZG3zcGxheSoIbnVsbH0sopZvcplhdF9hcyoIo4osopZvcplhdF9iYWxlZSoIo4J9LHs4YixhcgM4O4J0ZXN0o4w4Zp33bGQ4O4JyZWl3bWJ3c390bit3b4osopFs6WFzoj24VXN3c39wcp9p6Wx3o4w4bGFuZgVhZiU4O3s4ZWa4XSw4bGF4ZWw4O4JSZWl3bWJ3c4BUbit3b4osonZ1ZXc4OjEsopR3dGF1bCoIMSw4ci9ydGF4bGU4OjEsonN3YXJj6CoIMSw4ZG9gbpxvYWQ4OjEsopFw6SoIMSw4ZnJvepVuoj2xLCJs6Wl1dGVkoj24o4w4di3kdG54O4JhdXRvo4w4YWx1Zia4O4JsZWZ0o4w4ci9ydGx1cgQ4O4oxN4osopNvbpa4Ons4dpFs6WQ4O4owo4w4ZGo4OpmlbGwsopt3eSoIbnVsbCw4ZG3zcGxheSoIbnVsbH0sopZvcplhdF9hcyoIo4osopZvcplhdF9iYWxlZSoIo4J9LHs4YixhcgM4O4J0ZXN0o4w4Zp33bGQ4O4JsYXN0XiFjdG3i6XRmo4w4YWx1YXM4O4JVciVyXgBybiZ1bGU4LCJsYWmndWFnZSoIWyJ3b4JdLCJsYWJ3bCoIokxhcgQ5QWN06XZ1dHk4LCJi6WVgoj2xLCJkZXRh6Ww4OjEsonNvcnRhYpx3oj2xLCJzZWFyYi54OjEsopRvdimsbiFkoj2xLCJhcGk4OjEsopZybg13b4oIMSw4bG3t6XR3ZCoIo4osond1ZHR2oj24YXV0byosopFs6Wduoj24bGVpdCosonNvcnRs6XN0oj24MTc4LCJjbimuoj17onZhbG3koj24MCosopR4oj1udWxsLCJrZXk4OpmlbGwsopR1cgBsYXk4OpmlbGx9LCJpbgJtYXRfYXM4O4o4LCJpbgJtYXRfdpFsdWU4O4o4fSx7opNsYXNzoj24dGVzdCosopZ1ZWxkoj24ZWm0cn3fYnk4LCJhbG3hcyoIo3VzZXJfcHJvZp3sZSosopxhbpdlYWd3oj1bopVuo30sopxhYpVsoj24RWm0cnk5Qnk4LCJi6WVgoj2xLCJkZXRh6Ww4OjEsonNvcnRhYpx3oj2xLCJzZWFyYi54OjEsopRvdimsbiFkoj2xLCJhcGk4OjEsopZybg13b4oIMSw4bG3t6XR3ZCoIo4osond1ZHR2oj24YXV0byosopFs6Wduoj24bGVpdCosonNvcnRs6XN0oj24MT54LCJjbimuoj17onZhbG3koj24MCosopR4oj1udWxsLCJrZXk4OpmlbGwsopR1cgBsYXk4OpmlbGx9LCJpbgJtYXRfYXM4O4o4LCJpbgJtYXRfdpFsdWU4O4o4fSx7opNsYXNzoj24dGVzdCosopZ1ZWxkoj24YgJ3YXR3ZF9hdCosopFs6WFzoj24VXN3c39wcp9p6Wx3o4w4bGFuZgVhZiU4O3s4ZWa4XSw4bGF4ZWw4O4JDcpVhdGVkoEF0o4w4dp33dyoIMSw4ZGV0YW3soj2xLCJzbgJ0YWJsZSoIMSw4ciVhcpN2oj2xLCJkbgdubG9hZCoIMSw4YXB1oj2xLCJpcp9IZWa4OjEsopx1bW30ZWQ4O4o4LCJg6WR06CoIopFldG84LCJhbG3nb4oIopx3ZnQ4LCJzbgJ0bG3zdCoIojEmo4w4Yi9ub4oIeyJiYWx1ZCoIojA4LCJkY4oIbnVsbCw46iVmoj1udWxsLCJk6XNwbGFmoj1udWxsfSw4Zp9ybWF0XiFzoj24o4w4Zp9ybWF0XgZhbHV3oj24onldLCJpbgJtcyoIWgs4YixhcgM4O4J0ZXN0o4w4Zp33bGQ4O4J1ZCosopFs6WFzoj24VXN3c39wcp9p6Wx3o4w4bGF4ZWw4O4JJZCosopxhbpdlYWd3oj1bXSw4cpVxdW3yZWQ4O4JyZXFl6XJ3ZCosonZ1ZXc4O4oxo4w4dH3wZSoIonR3eHQ4LCJhZGQ4O4oxo4w4ZWR1dCoIojE4LCJzZWFyYi54O4oxo4w4ci3IZSoIonNwYWaxM4osonNvcnRs6XN0oj2wLCJpbgJtXidybgVwoj24o4w46WmwdXRfZgJvdXA4O3tdLCJvcHR1bia4Ons4bgB0XgRmcGU4O4o4LCJsbi9rdXBfcXV3cnk4O4o4LCJsbi9rdXBfdGF4bGU4O4o4LCJsbi9rdXBf6iVmoj24o4w4bG9v6gVwXgZhbHV3oj24o4w46XNfZGVwZWmkZWmjeSoIo4osonN3bGVjdF9tdWx06XBsZSoIojA4LCJ1bWFnZV9tdWx06XBsZSoIojA4LCJzYXZ3XiZlbGxfcGF06CoIojA4LCJzYXZ3Xi9y6Wd1bpFsXi3tYWd3oj24MCosopxvbitlcF9kZXB3bpR3bpNmXit3eSoIo4osonBhdGhfdG9fdXBsbiFkoj24o4w4cgV4XiZvbGR3cpmhbWU4O4o4LCJlcGxvYWRfdH3wZSoIo4osonRvbix06XA4O4o4LCJ2ZWxwdGVadCoIo4osonBsYWN36G9sZGVyoj24o4w4YXR0cp34dXR3oj24o4w4ZXh0ZWmkXiNsYXNzoj24o4w4cHJ3Zp3aoj24o4w4cgVp6X54O4o4LCJzdHJfcHJ3Zp3aoj24o4w4dpFsXgRmcGU4O4JzdHo4fX0seyJjbGFzcyoIonR3cgQ4LCJp6WVsZCoIopdybgVwXi3ko4w4YWx1YXM4O4JVciVyXgBybiZ1bGU4LCJsYWJ3bCoIokdybgVwoE3ko4w4bGFuZgVhZiU4O3tdLCJyZXFl6XJ3ZCoIojA4LCJi6WVgoj24MSosonRmcGU4O4J0ZXh0o4w4YWRkoj24MSosopVk6XQ4O4oxo4w4ciVhcpN2oj24MSosonN1epU4O4JzcGFuMTo4LCJzbgJ0bG3zdCoIMSw4Zp9ybV9ncp9lcCoIo4osop3ucHV0XidybgVwoj1bXSw4bgB06W9uoj17op9wdF90eXB3oj24o4w4bG9v6gVwXgFlZXJmoj24o4w4bG9v6gVwXgRhYpx3oj24o4w4bG9v6gVwXit3eSoIo4osopxvbitlcF9iYWxlZSoIo4osop3zXiR3cGVuZGVuYgk4O4o4LCJzZWx3YgRfbXVsdG3wbGU4O4owo4w46WlhZiVfbXVsdG3wbGU4O4owo4w4ciFiZV9pdWxsXgBhdG54O4owo4w4ciFiZV9vcp3n6WmhbF91bWFnZSoIojA4LCJsbi9rdXBfZGVwZWmkZWmjeV9rZXk4O4o4LCJwYXR2XgRvXgVwbG9hZCoIo4osonNlY39pbixkZXJuYWl3oj24o4w4dXBsbiFkXgRmcGU4O4o4LCJ0bi9sdG3woj24o4w46GVscHR3eHQ4O4o4LCJwbGFjZWhvbGR3c4oIo4osopF0dHJ1YnV0ZSoIo4osopVadGVuZF9jbGFzcyoIo4osonByZWZ1eCoIo4osonNlZp3aoj24o4w4cgRyXgByZWZ1eCoIo4osonZhbF90eXB3oj24cgRyonl9LHs4YixhcgM4O4J0ZXN0o4w4Zp33bGQ4O4JlciVybpFtZSosopFs6WFzoj24VXN3c39wcp9p6Wx3o4w4bGF4ZWw4O4JVciVybpFtZSosopxhbpdlYWd3oj1bXSw4cpVxdW3yZWQ4O4owo4w4dp33dyoIojE4LCJ0eXB3oj24dGVadCosopFkZCoIojE4LCJ3ZG30oj24MSosonN3YXJj6CoIojE4LCJz6X13oj24cgBhbjEyo4w4ci9ydGx1cgQ4OjosopZvcplfZgJvdXA4O4o4LCJ1bnBldF9ncp9lcCoIWl0sop9wdG3vb4oIeyJvcHRfdH3wZSoIo4osopxvbitlcF9xdWVyeSoIo4osopxvbitlcF90YWJsZSoIo4osopxvbitlcF9rZXk4O4o4LCJsbi9rdXBfdpFsdWU4O4o4LCJ1cl9kZXB3bpR3bpNmoj24o4w4ciVsZWN0XillbHR1cGx3oj24MCosop3tYWd3XillbHR1cGx3oj24MCosonNhdpVfZnVsbF9wYXR2oj24MCosonNhdpVfbgJ1Zi3uYWxf6WlhZiU4O4owo4w4bG9v6gVwXiR3cGVuZGVuYg3f6iVmoj24o4w4cGF06F90bl9lcGxvYWQ4O4o4LCJzdWJfZp9sZGVybpFtZSoIo4osonVwbG9hZF90eXB3oj24o4w4dG9vbHR1cCoIo4osoph3bHB0ZXh0oj24o4w4cGxhYiV2bixkZXo4O4o4LCJhdHRy6WJldGU4O4o4LCJ3eHR3bpRfYixhcgM4O4o4LCJwcpVp6X54O4o4LCJzdWZ1eCoIo4osonN0c39wcpVp6X54O4o4LCJiYWxfdH3wZSoIonN0c4J9fSx7opNsYXNzoj24dGVzdCosopZ1ZWxkoj24cGFzcgdvcpQ4LCJhbG3hcyoIo3VzZXJfcHJvZp3sZSosopxhYpVsoj24UGFzcgdvcpQ4LCJsYWmndWFnZSoIWl0sonJ3cXV1cpVkoj24cpVxdW3yZWQ4LCJi6WVgoj24MSosonRmcGU4O4J0ZXh0o4w4YWRkoj24MSosopVk6XQ4O4oxo4w4ciVhcpN2oj24MSosonN1epU4O4JzcGFuMTo4LCJzbgJ0bG3zdCoIMyw4Zp9ybV9ncp9lcCoIo4osop3ucHV0XidybgVwoj1bXSw4bgB06W9uoj17op9wdF90eXB3oj24o4w4bG9v6gVwXgFlZXJmoj24o4w4bG9v6gVwXgRhYpx3oj24o4w4bG9v6gVwXit3eSoIo4osopxvbitlcF9iYWxlZSoIo4osop3zXiR3cGVuZGVuYgk4O4o4LCJzZWx3YgRfbXVsdG3wbGU4O4owo4w46WlhZiVfbXVsdG3wbGU4O4owo4w4ciFiZV9pdWxsXgBhdG54O4owo4w4ciFiZV9vcp3n6WmhbF91bWFnZSoIojA4LCJsbi9rdXBfZGVwZWmkZWmjeV9rZXk4O4o4LCJwYXR2XgRvXgVwbG9hZCoIo4osonNlY39pbixkZXJuYWl3oj24o4w4dXBsbiFkXgRmcGU4O4o4LCJ0bi9sdG3woj24o4w46GVscHR3eHQ4O4o4LCJwbGFjZWhvbGR3c4oIo4osopF0dHJ1YnV0ZSoIo4osopVadGVuZF9jbGFzcyoIo4osonByZWZ1eCoIo4osonNlZp3aoj24o4w4cgRyXgByZWZ1eCoIo4osonZhbF90eXB3oj24cgRyonl9LHs4YixhcgM4O4J0ZXN0o4w4Zp33bGQ4O4J3bWF1bCosopFs6WFzoj24VXN3c39wcp9p6Wx3o4w4bGF4ZWw4O4JFbWF1bCosopxhbpdlYWd3oj1bXSw4cpVxdW3yZWQ4O4JyZXFl6XJ3ZCosonZ1ZXc4O4oxo4w4dH3wZSoIonR3eHQ4LCJhZGQ4O4oxo4w4ZWR1dCoIojE4LCJzZWFyYi54O4oxo4w4ci3IZSoIonNwYWaxM4osonNvcnRs6XN0oj20LCJpbgJtXidybgVwoj24o4w46WmwdXRfZgJvdXA4O3tdLCJvcHR1bia4Ons4bgB0XgRmcGU4O4o4LCJsbi9rdXBfcXV3cnk4O4o4LCJsbi9rdXBfdGF4bGU4O4o4LCJsbi9rdXBf6iVmoj24o4w4bG9v6gVwXgZhbHV3oj24o4w46XNfZGVwZWmkZWmjeSoIo4osonN3bGVjdF9tdWx06XBsZSoIojA4LCJ1bWFnZV9tdWx06XBsZSoIojA4LCJzYXZ3XiZlbGxfcGF06CoIojA4LCJzYXZ3Xi9y6Wd1bpFsXi3tYWd3oj24MCosopxvbitlcF9kZXB3bpR3bpNmXit3eSoIo4osonBhdGhfdG9fdXBsbiFkoj24o4w4cgV4XiZvbGR3cpmhbWU4O4o4LCJlcGxvYWRfdH3wZSoIo4osonRvbix06XA4O4o4LCJ2ZWxwdGVadCoIo4osonBsYWN36G9sZGVyoj24o4w4YXR0cp34dXR3oj24o4w4ZXh0ZWmkXiNsYXNzoj24o4w4cHJ3Zp3aoj24o4w4cgVp6X54O4o4LCJzdHJfcHJ3Zp3aoj24o4w4dpFsXgRmcGU4O4JzdHo4fX0seyJjbGFzcyoIonR3cgQ4LCJp6WVsZCoIonN0YWZpXi3ko4w4YWx1YXM4O4JVciVyXgBybiZ1bGU4LCJsYWJ3bCoIo3N0YWZpoE3ko4w4bGFuZgVhZiU4O3tdLCJyZXFl6XJ3ZCoIonJ3cXV1cpVko4w4dp33dyoIojE4LCJ0eXB3oj24dGVadCosopFkZCoIojE4LCJ3ZG30oj24MSosonN3YXJj6CoIojE4LCJz6X13oj24cgBhbjEyo4w4ci9ydGx1cgQ4OjUsopZvcplfZgJvdXA4O4o4LCJ1bnBldF9ncp9lcCoIWl0sop9wdG3vb4oIeyJvcHRfdH3wZSoIo4osopxvbitlcF9xdWVyeSoIo4osopxvbitlcF90YWJsZSoIo4osopxvbitlcF9rZXk4O4o4LCJsbi9rdXBfdpFsdWU4O4o4LCJ1cl9kZXB3bpR3bpNmoj24o4w4ciVsZWN0XillbHR1cGx3oj24MCosop3tYWd3XillbHR1cGx3oj24MCosonNhdpVfZnVsbF9wYXR2oj24MCosonNhdpVfbgJ1Zi3uYWxf6WlhZiU4O4owo4w4bG9v6gVwXiR3cGVuZGVuYg3f6iVmoj24o4w4cGF06F90bl9lcGxvYWQ4O4o4LCJzdWJfZp9sZGVybpFtZSoIo4osonVwbG9hZF90eXB3oj24o4w4dG9vbHR1cCoIo4osoph3bHB0ZXh0oj24o4w4cGxhYiV2bixkZXo4O4o4LCJhdHRy6WJldGU4O4o4LCJ3eHR3bpRfYixhcgM4O4o4LCJwcpVp6X54O4o4LCJzdWZ1eCoIo4osonN0c39wcpVp6X54O4o4LCJiYWxfdH3wZSoIonN0c4J9fSx7opNsYXNzoj24dGVzdCosopZ1ZWxkoj24cGhvbpU4LCJhbG3hcyoIo3VzZXJfcHJvZp3sZSosopxhYpVsoj24UGhvbpU4LCJsYWmndWFnZSoIWl0sonJ3cXV1cpVkoj24MCosonZ1ZXc4O4oxo4w4dH3wZSoIonR3eHQ4LCJhZGQ4O4oxo4w4ZWR1dCoIojE4LCJzZWFyYi54O4oxo4w4ci3IZSoIonNwYWaxM4osonNvcnRs6XN0oj2iLCJpbgJtXidybgVwoj24o4w46WmwdXRfZgJvdXA4O3tdLCJvcHR1bia4Ons4bgB0XgRmcGU4O4o4LCJsbi9rdXBfcXV3cnk4O4o4LCJsbi9rdXBfdGF4bGU4O4o4LCJsbi9rdXBf6iVmoj24o4w4bG9v6gVwXgZhbHV3oj24o4w46XNfZGVwZWmkZWmjeSoIo4osonN3bGVjdF9tdWx06XBsZSoIojA4LCJ1bWFnZV9tdWx06XBsZSoIojA4LCJzYXZ3XiZlbGxfcGF06CoIojA4LCJzYXZ3Xi9y6Wd1bpFsXi3tYWd3oj24MCosopxvbitlcF9kZXB3bpR3bpNmXit3eSoIo4osonBhdGhfdG9fdXBsbiFkoj24o4w4cgV4XiZvbGR3cpmhbWU4O4o4LCJlcGxvYWRfdH3wZSoIo4osonRvbix06XA4O4o4LCJ2ZWxwdGVadCoIo4osonBsYWN36G9sZGVyoj24o4w4YXR0cp34dXR3oj24o4w4ZXh0ZWmkXiNsYXNzoj24o4w4cHJ3Zp3aoj24o4w4cgVp6X54O4o4LCJzdHJfcHJ3Zp3aoj24o4w4dpFsXgRmcGU4O4JzdHo4fX0seyJjbGFzcyoIonR3cgQ4LCJp6WVsZCoIopZ1cnN0XimhbWU4LCJhbG3hcyoIo3VzZXJfcHJvZp3sZSosopxhYpVsoj24Rp3ycgQ5TpFtZSosopxhbpdlYWd3oj1bXSw4cpVxdW3yZWQ4O4owo4w4dp33dyoIojE4LCJ0eXB3oj24dGVadCosopFkZCoIojE4LCJ3ZG30oj24MSosonN3YXJj6CoIojE4LCJz6X13oj24cgBhbjEyo4w4ci9ydGx1cgQ4OjcsopZvcplfZgJvdXA4O4o4LCJ1bnBldF9ncp9lcCoIWl0sop9wdG3vb4oIeyJvcHRfdH3wZSoIo4osopxvbitlcF9xdWVyeSoIo4osopxvbitlcF90YWJsZSoIo4osopxvbitlcF9rZXk4O4o4LCJsbi9rdXBfdpFsdWU4O4o4LCJ1cl9kZXB3bpR3bpNmoj24o4w4ciVsZWN0XillbHR1cGx3oj24MCosop3tYWd3XillbHR1cGx3oj24MCosonNhdpVfZnVsbF9wYXR2oj24MCosonNhdpVfbgJ1Zi3uYWxf6WlhZiU4O4owo4w4bG9v6gVwXiR3cGVuZGVuYg3f6iVmoj24o4w4cGF06F90bl9lcGxvYWQ4O4o4LCJzdWJfZp9sZGVybpFtZSoIo4osonVwbG9hZF90eXB3oj24o4w4dG9vbHR1cCoIo4osoph3bHB0ZXh0oj24o4w4cGxhYiV2bixkZXo4O4o4LCJhdHRy6WJldGU4O4o4LCJ3eHR3bpRfYixhcgM4O4o4LCJwcpVp6X54O4o4LCJzdWZ1eCoIo4osonN0c39wcpVp6X54O4o4LCJiYWxfdH3wZSoIonN0c4J9fSx7opNsYXNzoj24dGVzdCosopZ1ZWxkoj24bGFzdF9uYWl3o4w4YWx1YXM4O4JVciVyXgBybiZ1bGU4LCJsYWJ3bCoIokxhcgQ5TpFtZSosopxhbpdlYWd3oj1bXSw4cpVxdW3yZWQ4O4owo4w4dp33dyoIojE4LCJ0eXB3oj24dGVadCosopFkZCoIojE4LCJ3ZG30oj24MSosonN3YXJj6CoIojE4LCJz6X13oj24cgBhbjEyo4w4ci9ydGx1cgQ4Oj5sopZvcplfZgJvdXA4O4o4LCJ1bnBldF9ncp9lcCoIWl0sop9wdG3vb4oIeyJvcHRfdH3wZSoIo4osopxvbitlcF9xdWVyeSoIo4osopxvbitlcF90YWJsZSoIo4osopxvbitlcF9rZXk4O4o4LCJsbi9rdXBfdpFsdWU4O4o4LCJ1cl9kZXB3bpR3bpNmoj24o4w4ciVsZWN0XillbHR1cGx3oj24MCosop3tYWd3XillbHR1cGx3oj24MCosonNhdpVfZnVsbF9wYXR2oj24MCosonNhdpVfbgJ1Zi3uYWxf6WlhZiU4O4owo4w4bG9v6gVwXiR3cGVuZGVuYg3f6iVmoj24o4w4cGF06F90bl9lcGxvYWQ4O4o4LCJzdWJfZp9sZGVybpFtZSoIo4osonVwbG9hZF90eXB3oj24o4w4dG9vbHR1cCoIo4osoph3bHB0ZXh0oj24o4w4cGxhYiV2bixkZXo4O4o4LCJhdHRy6WJldGU4O4o4LCJ3eHR3bpRfYixhcgM4O4o4LCJwcpVp6X54O4o4LCJzdWZ1eCoIo4osonN0c39wcpVp6X54O4o4LCJiYWxfdH3wZSoIonN0c4J9fSx7opNsYXNzoj24dGVzdCosopZ1ZWxkoj24YXZhdGFyo4w4YWx1YXM4O4JVciVyXgBybiZ1bGU4LCJsYWJ3bCoIokFiYXRhc4osopxhbpdlYWd3oj1bXSw4cpVxdW3yZWQ4O4owo4w4dp33dyoIojE4LCJ0eXB3oj24dGVadCosopFkZCoIojE4LCJ3ZG30oj24MSosonN3YXJj6CoIojE4LCJz6X13oj24cgBhbjEyo4w4ci9ydGx1cgQ4OjksopZvcplfZgJvdXA4O4o4LCJ1bnBldF9ncp9lcCoIWl0sop9wdG3vb4oIeyJvcHRfdH3wZSoIo4osopxvbitlcF9xdWVyeSoIo4osopxvbitlcF90YWJsZSoIo4osopxvbitlcF9rZXk4O4o4LCJsbi9rdXBfdpFsdWU4O4o4LCJ1cl9kZXB3bpR3bpNmoj24o4w4ciVsZWN0XillbHR1cGx3oj24MCosop3tYWd3XillbHR1cGx3oj24MCosonNhdpVfZnVsbF9wYXR2oj24MCosonNhdpVfbgJ1Zi3uYWxf6WlhZiU4O4owo4w4bG9v6gVwXiR3cGVuZGVuYg3f6iVmoj24o4w4cGF06F90bl9lcGxvYWQ4O4o4LCJzdWJfZp9sZGVybpFtZSoIo4osonVwbG9hZF90eXB3oj24o4w4dG9vbHR1cCoIo4osoph3bHB0ZXh0oj24o4w4cGxhYiV2bixkZXo4O4o4LCJhdHRy6WJldGU4O4o4LCJ3eHR3bpRfYixhcgM4O4o4LCJwcpVp6X54O4o4LCJzdWZ1eCoIo4osonN0c39wcpVp6X54O4o4LCJiYWxfdH3wZSoIonN0c4J9fSx7opNsYXNzoj24dGVzdCosopZ1ZWxkoj24YWN06XZ3o4w4YWx1YXM4O4JVciVyXgBybiZ1bGU4LCJsYWJ3bCoIokFjdG3iZSosopxhbpdlYWd3oj1bXSw4cpVxdW3yZWQ4O4owo4w4dp33dyoIojE4LCJ0eXB3oj24dGVadCosopFkZCoIojE4LCJ3ZG30oj24MSosonN3YXJj6CoIojE4LCJz6X13oj24cgBhbjEyo4w4ci9ydGx1cgQ4OjEwLCJpbgJtXidybgVwoj24o4w46WmwdXRfZgJvdXA4O3tdLCJvcHR1bia4Ons4bgB0XgRmcGU4O4o4LCJsbi9rdXBfcXV3cnk4O4o4LCJsbi9rdXBfdGF4bGU4O4o4LCJsbi9rdXBf6iVmoj24o4w4bG9v6gVwXgZhbHV3oj24o4w46XNfZGVwZWmkZWmjeSoIo4osonN3bGVjdF9tdWx06XBsZSoIojA4LCJ1bWFnZV9tdWx06XBsZSoIojA4LCJzYXZ3XiZlbGxfcGF06CoIojA4LCJzYXZ3Xi9y6Wd1bpFsXi3tYWd3oj24MCosopxvbitlcF9kZXB3bpR3bpNmXit3eSoIo4osonBhdGhfdG9fdXBsbiFkoj24o4w4cgV4XiZvbGR3cpmhbWU4O4o4LCJlcGxvYWRfdH3wZSoIo4osonRvbix06XA4O4o4LCJ2ZWxwdGVadCoIo4osonBsYWN36G9sZGVyoj24o4w4YXR0cp34dXR3oj24o4w4ZXh0ZWmkXiNsYXNzoj24o4w4cHJ3Zp3aoj24o4w4cgVp6X54O4o4LCJzdHJfcHJ3Zp3aoj24o4w4dpFsXgRmcGU4O4JzdHo4fX0seyJjbGFzcyoIonR3cgQ4LCJp6WVsZCoIopxvZi3uXiF0dGVtcHQ4LCJhbG3hcyoIo3VzZXJfcHJvZp3sZSosopxhYpVsoj24TG9n6Wa5QXR0ZWlwdCosopxhbpdlYWd3oj1bXSw4cpVxdW3yZWQ4O4owo4w4dp33dyoIojE4LCJ0eXB3oj24dGVadCosopFkZCoIojE4LCJ3ZG30oj24MSosonN3YXJj6CoIojE4LCJz6X13oj24cgBhbjEyo4w4ci9ydGx1cgQ4OjExLCJpbgJtXidybgVwoj24o4w46WmwdXRfZgJvdXA4O3tdLCJvcHR1bia4Ons4bgB0XgRmcGU4O4o4LCJsbi9rdXBfcXV3cnk4O4o4LCJsbi9rdXBfdGF4bGU4O4o4LCJsbi9rdXBf6iVmoj24o4w4bG9v6gVwXgZhbHV3oj24o4w46XNfZGVwZWmkZWmjeSoIo4osonN3bGVjdF9tdWx06XBsZSoIojA4LCJ1bWFnZV9tdWx06XBsZSoIojA4LCJzYXZ3XiZlbGxfcGF06CoIojA4LCJzYXZ3Xi9y6Wd1bpFsXi3tYWd3oj24MCosopxvbitlcF9kZXB3bpR3bpNmXit3eSoIo4osonBhdGhfdG9fdXBsbiFkoj24o4w4cgV4XiZvbGR3cpmhbWU4O4o4LCJlcGxvYWRfdH3wZSoIo4osonRvbix06XA4O4o4LCJ2ZWxwdGVadCoIo4osonBsYWN36G9sZGVyoj24o4w4YXR0cp34dXR3oj24o4w4ZXh0ZWmkXiNsYXNzoj24o4w4cHJ3Zp3aoj24o4w4cgVp6X54O4o4LCJzdHJfcHJ3Zp3aoj24o4w4dpFsXgRmcGU4O4JzdHo4fX0seyJjbGFzcyoIonR3cgQ4LCJp6WVsZCoIopxhcgRfbG9n6Wa4LCJhbG3hcyoIo3VzZXJfcHJvZp3sZSosopxhYpVsoj24TGFzdCBMbid1b4osopxhbpdlYWd3oj1bXSw4cpVxdW3yZWQ4O4owo4w4dp33dyoIojE4LCJ0eXB3oj24dGVadF9kYXR3dG3tZSosopFkZCoIojE4LCJ3ZG30oj24MSosonN3YXJj6CoIojE4LCJz6X13oj24cgBhbjEyo4w4ci9ydGx1cgQ4OjEyLCJpbgJtXidybgVwoj24o4w46WmwdXRfZgJvdXA4O3tdLCJvcHR1bia4Ons4bgB0XgRmcGU4O4o4LCJsbi9rdXBfcXV3cnk4O4o4LCJsbi9rdXBfdGF4bGU4O4o4LCJsbi9rdXBf6iVmoj24o4w4bG9v6gVwXgZhbHV3oj24o4w46XNfZGVwZWmkZWmjeSoIo4osonN3bGVjdF9tdWx06XBsZSoIojA4LCJ1bWFnZV9tdWx06XBsZSoIojA4LCJzYXZ3XiZlbGxfcGF06CoIojA4LCJzYXZ3Xi9y6Wd1bpFsXi3tYWd3oj24MCosopxvbitlcF9kZXB3bpR3bpNmXit3eSoIo4osonBhdGhfdG9fdXBsbiFkoj24o4w4cgV4XiZvbGR3cpmhbWU4O4o4LCJlcGxvYWRfdH3wZSoIo4osonRvbix06XA4O4o4LCJ2ZWxwdGVadCoIo4osonBsYWN36G9sZGVyoj24o4w4YXR0cp34dXR3oj24o4w4ZXh0ZWmkXiNsYXNzoj24o4w4cHJ3Zp3aoj24o4w4cgVp6X54O4o4LCJzdHJfcHJ3Zp3aoj24o4w4dpFsXgRmcGU4O4JzdHo4fX0seyJjbGFzcyoIonR3cgQ4LCJp6WVsZCoIonVwZGF0ZWRfYXQ4LCJhbG3hcyoIo3VzZXJfcHJvZp3sZSosopxhYpVsoj24VXBkYXR3ZCBBdCosopxhbpdlYWd3oj1bXSw4cpVxdW3yZWQ4O4owo4w4dp33dyoIojA4LCJ0eXB3oj24dGVadF9kYXR3dG3tZSosopFkZCoIojE4LCJ3ZG30oj24MSosonN3YXJj6CoIojE4LCJz6X13oj24cgBhbjEyo4w4ci9ydGx1cgQ4OjEzLCJpbgJtXidybgVwoj24o4w46WmwdXRfZgJvdXA4O3tdLCJvcHR1bia4Ons4bgB0XgRmcGU4O4o4LCJsbi9rdXBfcXV3cnk4O4o4LCJsbi9rdXBfdGF4bGU4O4o4LCJsbi9rdXBf6iVmoj24o4w4bG9v6gVwXgZhbHV3oj24o4w46XNfZGVwZWmkZWmjeSoIo4osonN3bGVjdF9tdWx06XBsZSoIojA4LCJ1bWFnZV9tdWx06XBsZSoIojA4LCJzYXZ3XiZlbGxfcGF06CoIojA4LCJzYXZ3Xi9y6Wd1bpFsXi3tYWd3oj24MCosopxvbitlcF9kZXB3bpR3bpNmXit3eSoIo4osonBhdGhfdG9fdXBsbiFkoj24o4w4cgV4XiZvbGR3cpmhbWU4O4o4LCJlcGxvYWRfdH3wZSoIo4osonRvbix06XA4O4o4LCJ2ZWxwdGVadCoIo4osonBsYWN36G9sZGVyoj24o4w4YXR0cp34dXR3oj24o4w4ZXh0ZWmkXiNsYXNzoj24o4w4cHJ3Zp3aoj24o4w4cgVp6X54O4o4LCJzdHJfcHJ3Zp3aoj24o4w4dpFsXgRmcGU4O4JzdHo4fX0seyJjbGFzcyoIonR3cgQ4LCJp6WVsZCoIonJ3bW3uZGVyo4w4YWx1YXM4O4JVciVyXgBybiZ1bGU4LCJsYWJ3bCoIo3J3bW3uZGVyo4w4bGFuZgVhZiU4O3tdLCJyZXFl6XJ3ZCoIojA4LCJi6WVgoj24MSosonRmcGU4O4J0ZXh0o4w4YWRkoj24MSosopVk6XQ4O4oxo4w4ciVhcpN2oj24MSosonN1epU4O4JzcGFuMTo4LCJzbgJ0bG3zdCoIMTQsopZvcplfZgJvdXA4O4o4LCJ1bnBldF9ncp9lcCoIWl0sop9wdG3vb4oIeyJvcHRfdH3wZSoIo4osopxvbitlcF9xdWVyeSoIo4osopxvbitlcF90YWJsZSoIo4osopxvbitlcF9rZXk4O4o4LCJsbi9rdXBfdpFsdWU4O4o4LCJ1cl9kZXB3bpR3bpNmoj24o4w4ciVsZWN0XillbHR1cGx3oj24MCosop3tYWd3XillbHR1cGx3oj24MCosonNhdpVfZnVsbF9wYXR2oj24MCosonNhdpVfbgJ1Zi3uYWxf6WlhZiU4O4owo4w4bG9v6gVwXiR3cGVuZGVuYg3f6iVmoj24o4w4cGF06F90bl9lcGxvYWQ4O4o4LCJzdWJfZp9sZGVybpFtZSoIo4osonVwbG9hZF90eXB3oj24o4w4dG9vbHR1cCoIo4osoph3bHB0ZXh0oj24o4w4cGxhYiV2bixkZXo4O4o4LCJhdHRy6WJldGU4O4o4LCJ3eHR3bpRfYixhcgM4O4o4LCJwcpVp6X54O4o4LCJzdWZ1eCoIo4osonN0c39wcpVp6X54O4o4LCJiYWxfdH3wZSoIonN0c4J9fSx7opNsYXNzoj24dGVzdCosopZ1ZWxkoj24YWN06XZhdG3vb4osopFs6WFzoj24VXN3c39wcp9p6Wx3o4w4bGF4ZWw4O4JBYgR1dpF06W9uo4w4bGFuZgVhZiU4O3tdLCJyZXFl6XJ3ZCoIojA4LCJi6WVgoj24MSosonRmcGU4O4J0ZXh0o4w4YWRkoj24MSosopVk6XQ4O4oxo4w4ciVhcpN2oj24MSosonN1epU4O4JzcGFuMTo4LCJzbgJ0bG3zdCoIMTUsopZvcplfZgJvdXA4O4o4LCJ1bnBldF9ncp9lcCoIWl0sop9wdG3vb4oIeyJvcHRfdH3wZSoIo4osopxvbitlcF9xdWVyeSoIo4osopxvbitlcF90YWJsZSoIo4osopxvbitlcF9rZXk4O4o4LCJsbi9rdXBfdpFsdWU4O4o4LCJ1cl9kZXB3bpR3bpNmoj24o4w4ciVsZWN0XillbHR1cGx3oj24MCosop3tYWd3XillbHR1cGx3oj24MCosonNhdpVfZnVsbF9wYXR2oj24MCosonNhdpVfbgJ1Zi3uYWxf6WlhZiU4O4owo4w4bG9v6gVwXiR3cGVuZGVuYg3f6iVmoj24o4w4cGF06F90bl9lcGxvYWQ4O4o4LCJzdWJfZp9sZGVybpFtZSoIo4osonVwbG9hZF90eXB3oj24o4w4dG9vbHR1cCoIo4osoph3bHB0ZXh0oj24o4w4cGxhYiV2bixkZXo4O4o4LCJhdHRy6WJldGU4O4o4LCJ3eHR3bpRfYixhcgM4O4o4LCJwcpVp6X54O4o4LCJzdWZ1eCoIo4osonN0c39wcpVp6X54O4o4LCJiYWxfdH3wZSoIonN0c4J9fSx7opNsYXNzoj24dGVzdCosopZ1ZWxkoj24cpVtZWl4ZXJfdG9rZWa4LCJhbG3hcyoIo3VzZXJfcHJvZp3sZSosopxhYpVsoj24UpVtZWl4ZXo5VG9rZWa4LCJsYWmndWFnZSoIWl0sonJ3cXV1cpVkoj24MCosonZ1ZXc4O4oxo4w4dH3wZSoIonR3eHQ4LCJhZGQ4O4oxo4w4ZWR1dCoIojE4LCJzZWFyYi54O4oxo4w4ci3IZSoIonNwYWaxM4osonNvcnRs6XN0oj2xN4w4Zp9ybV9ncp9lcCoIo4osop3ucHV0XidybgVwoj1bXSw4bgB06W9uoj17op9wdF90eXB3oj24o4w4bG9v6gVwXgFlZXJmoj24o4w4bG9v6gVwXgRhYpx3oj24o4w4bG9v6gVwXit3eSoIo4osopxvbitlcF9iYWxlZSoIo4osop3zXiR3cGVuZGVuYgk4O4o4LCJzZWx3YgRfbXVsdG3wbGU4O4owo4w46WlhZiVfbXVsdG3wbGU4O4owo4w4ciFiZV9pdWxsXgBhdG54O4owo4w4ciFiZV9vcp3n6WmhbF91bWFnZSoIojA4LCJsbi9rdXBfZGVwZWmkZWmjeV9rZXk4O4o4LCJwYXR2XgRvXgVwbG9hZCoIo4osonNlY39pbixkZXJuYWl3oj24o4w4dXBsbiFkXgRmcGU4O4o4LCJ0bi9sdG3woj24o4w46GVscHR3eHQ4O4o4LCJwbGFjZWhvbGR3c4oIo4osopF0dHJ1YnV0ZSoIo4osopVadGVuZF9jbGFzcyoIo4osonByZWZ1eCoIo4osonNlZp3aoj24o4w4cgRyXgByZWZ1eCoIo4osonZhbF90eXB3oj24cgRyonl9LHs4YixhcgM4O4J0ZXN0o4w4Zp33bGQ4O4JsYXN0XiFjdG3i6XRmo4w4YWx1YXM4O4JVciVyXgBybiZ1bGU4LCJsYWJ3bCoIokxhcgQ5QWN06XZ1dHk4LCJsYWmndWFnZSoIWl0sonJ3cXV1cpVkoj24MCosonZ1ZXc4O4oxo4w4dH3wZSoIonR3eHQ4LCJhZGQ4O4oxo4w4ZWR1dCoIojE4LCJzZWFyYi54O4oxo4w4ci3IZSoIonNwYWaxM4osonNvcnRs6XN0oj2xNyw4Zp9ybV9ncp9lcCoIo4osop3ucHV0XidybgVwoj1bXSw4bgB06W9uoj17op9wdF90eXB3oj24o4w4bG9v6gVwXgFlZXJmoj24o4w4bG9v6gVwXgRhYpx3oj24o4w4bG9v6gVwXit3eSoIo4osopxvbitlcF9iYWxlZSoIo4osop3zXiR3cGVuZGVuYgk4O4o4LCJzZWx3YgRfbXVsdG3wbGU4O4owo4w46WlhZiVfbXVsdG3wbGU4O4owo4w4ciFiZV9pdWxsXgBhdG54O4owo4w4ciFiZV9vcp3n6WmhbF91bWFnZSoIojA4LCJsbi9rdXBfZGVwZWmkZWmjeV9rZXk4O4o4LCJwYXR2XgRvXgVwbG9hZCoIo4osonNlY39pbixkZXJuYWl3oj24o4w4dXBsbiFkXgRmcGU4O4o4LCJ0bi9sdG3woj24o4w46GVscHR3eHQ4O4o4LCJwbGFjZWhvbGR3c4oIo4osopF0dHJ1YnV0ZSoIo4osopVadGVuZF9jbGFzcyoIo4osonByZWZ1eCoIo4osonNlZp3aoj24o4w4cgRyXgByZWZ1eCoIo4osonZhbF90eXB3oj24cgRyonl9LHs4YixhcgM4O4J0ZXN0o4w4Zp33bGQ4O4J3bnRyeV94eSosopFs6WFzoj24VXN3c39wcp9p6Wx3o4w4bGF4ZWw4O4JFbnRyeSBCeSosopxhbpdlYWd3oj1bXSw4cpVxdW3yZWQ4O4owo4w4dp33dyoIojE4LCJ0eXB3oj24dGVadCosopFkZCoIojE4LCJ3ZG30oj24MSosonN3YXJj6CoIojE4LCJz6X13oj24cgBhbjEyo4w4ci9ydGx1cgQ4OjEaLCJpbgJtXidybgVwoj24o4w46WmwdXRfZgJvdXA4O3tdLCJvcHR1bia4Ons4bgB0XgRmcGU4O4o4LCJsbi9rdXBfcXV3cnk4O4o4LCJsbi9rdXBfdGF4bGU4O4o4LCJsbi9rdXBf6iVmoj24o4w4bG9v6gVwXgZhbHV3oj24o4w46XNfZGVwZWmkZWmjeSoIo4osonN3bGVjdF9tdWx06XBsZSoIojA4LCJ1bWFnZV9tdWx06XBsZSoIojA4LCJzYXZ3XiZlbGxfcGF06CoIojA4LCJzYXZ3Xi9y6Wd1bpFsXi3tYWd3oj24MCosopxvbitlcF9kZXB3bpR3bpNmXit3eSoIo4osonBhdGhfdG9fdXBsbiFkoj24o4w4cgV4XiZvbGR3cpmhbWU4O4o4LCJlcGxvYWRfdH3wZSoIo4osonRvbix06XA4O4o4LCJ2ZWxwdGVadCoIo4osonBsYWN36G9sZGVyoj24o4w4YXR0cp34dXR3oj24o4w4ZXh0ZWmkXiNsYXNzoj24o4w4cHJ3Zp3aoj24o4w4cgVp6X54O4o4LCJzdHJfcHJ3Zp3aoj24o4w4dpFsXgRmcGU4O4JzdHo4fX0seyJjbGFzcyoIonR3cgQ4LCJp6WVsZCoIopNyZWF0ZWRfYXQ4LCJhbG3hcyoIo3VzZXJfcHJvZp3sZSosopxhYpVsoj24QgJ3YXR3ZCBBdCosopxhbpdlYWd3oj1bXSw4cpVxdW3yZWQ4O4JyZXFl6XJ3ZCosonZ1ZXc4O4owo4w4dH3wZSoIonR3eHRfZGF0ZXR1bWU4LCJhZGQ4O4oxo4w4ZWR1dCoIojE4LCJzZWFyYi54O4oxo4w4ci3IZSoIonNwYWaxM4osonNvcnRs6XN0oj2xOSw4Zp9ybV9ncp9lcCoIo4osop3ucHV0XidybgVwoj1bXSw4bgB06W9uoj17op9wdF90eXB3oj24o4w4bG9v6gVwXgFlZXJmoj24o4w4bG9v6gVwXgRhYpx3oj24o4w4bG9v6gVwXit3eSoIo4osopxvbitlcF9iYWxlZSoIo4osop3zXiR3cGVuZGVuYgk4O4o4LCJzZWx3YgRfbXVsdG3wbGU4O4owo4w46WlhZiVfbXVsdG3wbGU4O4owo4w4ciFiZV9pdWxsXgBhdG54O4owo4w4ciFiZV9vcp3n6WmhbF91bWFnZSoIojA4LCJsbi9rdXBfZGVwZWmkZWmjeV9rZXk4O4o4LCJwYXR2XgRvXgVwbG9hZCoIo4osonNlY39pbixkZXJuYWl3oj24o4w4dXBsbiFkXgRmcGU4O4o4LCJ0bi9sdG3woj24o4w46GVscHR3eHQ4O4o4LCJwbGFjZWhvbGR3c4oIo4osopF0dHJ1YnV0ZSoIo4osopVadGVuZF9jbGFzcyoIo4osonByZWZ1eCoIo4osonNlZp3aoj24o4w4cgRyXgByZWZ1eCoIo4osonZhbF90eXB3oj24cgRyonl9XX0=', NULL, 0);

-- --------------------------------------------------------

--
-- Table structure for table `tb_pages`
--

CREATE TABLE `tb_pages` (
  `id` int(11) NOT NULL,
  `title` varchar(255) NOT NULL,
  `alias` varchar(255) DEFAULT NULL,
  `type` varchar(255) NOT NULL,
  `meta_title` varchar(255) DEFAULT NULL,
  `meta_description` varchar(255) DEFAULT NULL,
  `meta_keywords` varchar(255) DEFAULT NULL,
  `url` varchar(255) NOT NULL,
  `method` varchar(255) NOT NULL,
  `auth` tinyint(1) NOT NULL DEFAULT '0',
  `status` tinyint(1) NOT NULL DEFAULT '0',
  `created_at` datetime NOT NULL,
  `updated_at` datetime NOT NULL
) ENGINE=InnoDB DEFAULT CHARSET=utf8;

-- --------------------------------------------------------

--
-- Table structure for table `tb_users`
--

CREATE TABLE `tb_users` (
  `id` int(11) NOT NULL,
  `group_id` int(6) DEFAULT NULL,
  `username` varchar(100) DEFAULT NULL,
  `password` varchar(64) NOT NULL,
  `email` varchar(100) NOT NULL,
  `staff_id` int(20) NOT NULL,
  `phone` varchar(255) DEFAULT NULL,
  `first_name` varchar(50) DEFAULT NULL,
  `last_name` varchar(50) DEFAULT NULL,
  `avatar` varchar(100) DEFAULT NULL,
  `active` tinyint(1) UNSIGNED DEFAULT NULL,
  `login_attempt` tinyint(2) DEFAULT '0',
  `last_login` datetime DEFAULT NULL,
  `updated_at` timestamp NULL DEFAULT NULL,
  `reminder` varchar(64) DEFAULT NULL,
  `activation` varchar(50) DEFAULT NULL,
  `remember_token` varchar(100) DEFAULT NULL,
  `last_activity` int(20) DEFAULT NULL,
  `entry_by` int(11) DEFAULT NULL,
  `created_at` datetime NOT NULL
) ENGINE=InnoDB DEFAULT CHARSET=utf8;

--
-- Dumping data for table `tb_users`
--

INSERT INTO `tb_users` (`id`, `group_id`, `username`, `password`, `email`, `staff_id`, `phone`, `first_name`, `last_name`, `avatar`, `active`, `login_attempt`, `last_login`, `updated_at`, `reminder`, `activation`, `remember_token`, `last_activity`, `entry_by`, `created_at`) VALUES
(1, 1, 'superadmin', '$2y$10$z4bzyrS6A4dggEtGY3HbYuR2kQBLo86LypjyRkCqSCThMtEqq/NIa', 'superadmin@mail.com', 142526, NULL, 'Super', 'Admin', '1.png', 1, 12, '2017-08-09 14:35:38', '2017-08-09 14:35:38', 'qEILfwFs1gVRWGW8Gy7aYCeMCoEtqCP7ixt93hhr', NULL, 'WLzSMYGlgAVw8yu6EDOeqen4XrNpNYGxWelnc2NkwWkDu4WXHMvk7tliDT2s', 1481039780, NULL, '2014-03-12 15:48:46'),
(5, 1, 'shark87', '$2y$10$r9Luf0bIaXII0bz7SdxUeegGNtb/borN.6zJQmzRBbdMxjUT2n5MC', 'shafeq.hasan@gmail.com', 142, NULL, 'shark', 'creep', NULL, 0, 0, NULL, '2017-08-08 15:51:43', NULL, '212493', NULL, NULL, NULL, '2017-08-08 15:51:43');

-- --------------------------------------------------------

--
-- Stand-in structure for view `User_profile`
--
CREATE TABLE `User_profile` (
`id` int(11)
,`group_id` int(6)
,`username` varchar(100)
,`password` varchar(64)
,`email` varchar(100)
,`staff_id` int(20)
,`phone` varchar(255)
,`first_name` varchar(50)
,`last_name` varchar(50)
,`avatar` varchar(100)
,`active` tinyint(1) unsigned
,`login_attempt` tinyint(2)
,`last_login` datetime
,`updated_at` timestamp
,`reminder` varchar(64)
,`activation` varchar(50)
,`remember_token` varchar(100)
,`last_activity` int(20)
,`entry_by` int(11)
,`created_at` datetime
);

-- --------------------------------------------------------

--
-- Structure for view `User_profile`
--
DROP TABLE IF EXISTS `User_profile`;

CREATE ALGORITHM=UNDEFINED DEFINER=`root`@`localhost` SQL SECURITY DEFINER VIEW `User_profile`  AS  select `tb_users`.`id` AS `id`,`tb_users`.`group_id` AS `group_id`,`tb_users`.`username` AS `username`,`tb_users`.`password` AS `password`,`tb_users`.`email` AS `email`,`tb_users`.`staff_id` AS `staff_id`,`tb_users`.`phone` AS `phone`,`tb_users`.`first_name` AS `first_name`,`tb_users`.`last_name` AS `last_name`,`tb_users`.`avatar` AS `avatar`,`tb_users`.`active` AS `active`,`tb_users`.`login_attempt` AS `login_attempt`,`tb_users`.`last_login` AS `last_login`,`tb_users`.`updated_at` AS `updated_at`,`tb_users`.`reminder` AS `reminder`,`tb_users`.`activation` AS `activation`,`tb_users`.`remember_token` AS `remember_token`,`tb_users`.`last_activity` AS `last_activity`,`tb_users`.`entry_by` AS `entry_by`,`tb_users`.`created_at` AS `created_at` from `tb_users` ;

--
-- Indexes for dumped tables
--

--
-- Indexes for table `affiliateuser`
--
ALTER TABLE `affiliateuser`
  ADD PRIMARY KEY (`username`),
  ADD UNIQUE KEY `Id` (`Id`);

--
-- Indexes for table `migrations`
--
ALTER TABLE `migrations`
  ADD PRIMARY KEY (`id`);

--
-- Indexes for table `oauth_access_tokens`
--
ALTER TABLE `oauth_access_tokens`
  ADD PRIMARY KEY (`id`),
  ADD KEY `oauth_access_tokens_user_id_index` (`user_id`);

--
-- Indexes for table `oauth_auth_codes`
--
ALTER TABLE `oauth_auth_codes`
  ADD PRIMARY KEY (`id`);

--
-- Indexes for table `oauth_clients`
--
ALTER TABLE `oauth_clients`
  ADD PRIMARY KEY (`id`),
  ADD KEY `oauth_clients_user_id_index` (`user_id`);

--
-- Indexes for table `oauth_personal_access_clients`
--
ALTER TABLE `oauth_personal_access_clients`
  ADD PRIMARY KEY (`id`),
  ADD KEY `oauth_personal_access_clients_client_id_index` (`client_id`);

--
-- Indexes for table `oauth_refresh_tokens`
--
ALTER TABLE `oauth_refresh_tokens`
  ADD PRIMARY KEY (`id`),
  ADD KEY `oauth_refresh_tokens_access_token_id_index` (`access_token_id`);

--
-- Indexes for table `tb_groups`
--
ALTER TABLE `tb_groups`
  ADD PRIMARY KEY (`group_id`);

--
-- Indexes for table `tb_groups_access`
--
ALTER TABLE `tb_groups_access`
  ADD PRIMARY KEY (`id`);

--
-- Indexes for table `tb_logs`
--
ALTER TABLE `tb_logs`
  ADD PRIMARY KEY (`auditID`);

--
-- Indexes for table `tb_menu`
--
ALTER TABLE `tb_menu`
  ADD PRIMARY KEY (`menu_id`);

--
-- Indexes for table `tb_module`
--
ALTER TABLE `tb_module`
  ADD PRIMARY KEY (`module_id`);

--
-- Indexes for table `tb_pages`
--
ALTER TABLE `tb_pages`
  ADD PRIMARY KEY (`id`);

--
-- Indexes for table `tb_users`
--
ALTER TABLE `tb_users`
  ADD PRIMARY KEY (`id`);

--
-- AUTO_INCREMENT for dumped tables
--

--
-- AUTO_INCREMENT for table `affiliateuser`
--
ALTER TABLE `affiliateuser`
  MODIFY `Id` int(11) NOT NULL AUTO_INCREMENT, AUTO_INCREMENT=105;
--
-- AUTO_INCREMENT for table `migrations`
--
ALTER TABLE `migrations`
  MODIFY `id` int(10) UNSIGNED NOT NULL AUTO_INCREMENT, AUTO_INCREMENT=8;
--
-- AUTO_INCREMENT for table `oauth_clients`
--
ALTER TABLE `oauth_clients`
  MODIFY `id` int(10) UNSIGNED NOT NULL AUTO_INCREMENT, AUTO_INCREMENT=11;
--
-- AUTO_INCREMENT for table `oauth_personal_access_clients`
--
ALTER TABLE `oauth_personal_access_clients`
  MODIFY `id` int(10) UNSIGNED NOT NULL AUTO_INCREMENT, AUTO_INCREMENT=3;
--
-- AUTO_INCREMENT for table `tb_groups`
--
ALTER TABLE `tb_groups`
  MODIFY `group_id` mediumint(8) UNSIGNED NOT NULL AUTO_INCREMENT, AUTO_INCREMENT=4;
--
-- AUTO_INCREMENT for table `tb_groups_access`
--
ALTER TABLE `tb_groups_access`
  MODIFY `id` int(6) NOT NULL AUTO_INCREMENT, AUTO_INCREMENT=583;
--
-- AUTO_INCREMENT for table `tb_logs`
--
ALTER TABLE `tb_logs`
  MODIFY `auditID` int(20) NOT NULL AUTO_INCREMENT;
--
-- AUTO_INCREMENT for table `tb_menu`
--
ALTER TABLE `tb_menu`
  MODIFY `menu_id` int(11) NOT NULL AUTO_INCREMENT, AUTO_INCREMENT=3;
--
-- AUTO_INCREMENT for table `tb_module`
--
ALTER TABLE `tb_module`
  MODIFY `module_id` int(11) NOT NULL AUTO_INCREMENT, AUTO_INCREMENT=24;
--
-- AUTO_INCREMENT for table `tb_pages`
--
ALTER TABLE `tb_pages`
  MODIFY `id` int(11) NOT NULL AUTO_INCREMENT, AUTO_INCREMENT=7;
--
-- AUTO_INCREMENT for table `tb_users`
--
ALTER TABLE `tb_users`
  MODIFY `id` int(11) NOT NULL AUTO_INCREMENT, AUTO_INCREMENT=6;
/*!40101 SET CHARACTER_SET_CLIENT=@OLD_CHARACTER_SET_CLIENT */;
/*!40101 SET CHARACTER_SET_RESULTS=@OLD_CHARACTER_SET_RESULTS */;
/*!40101 SET COLLATION_CONNECTION=@OLD_COLLATION_CONNECTION */;
